,UserRating,Metascore,Budget,Gross,Theaters,WaltDisneyStudiosMotionPictures,UniversalPictures,TwentiethCenturyFox,SonyPicturesEntertainment(SPE),ParamountPictures,WarnerBros.,PG,PG-13,R,1,2,3,4,5,6,7,8,9,10,11,12,DirUR,DirMS,Action,Adventure,Sci-Fi,Animation,Comedy,Thriller,Drama,Music,Romance,Fantasy,Biography,Horror,Crime,Sport,Mystery,Thea2
0,7.3,88.0,200000000.0,700059566,4084.0,1,0,0,0,0,0,0,1,0,0,1,0,0,0,0,0,0,0,0,0,0,7.449999999999999,85.0,1,1,1,0,0,0,0,0,0,0,0,0,0,0,0,4084.0
1,8.4,68.0,321000000.0,678815482,4474.0,1,0,0,0,0,0,0,1,0,0,0,0,1,0,0,0,0,0,0,0,0,7.966666666666666,71.0,1,1,1,0,0,0,0,0,0,0,0,0,0,0,0,4474.0
2,7.6,80.0,200000000.0,608581744,4410.0,1,0,0,0,0,0,1,0,0,0,0,0,0,0,1,0,0,0,0,0,0,7.133333333333333,71.0,1,1,0,1,0,0,0,0,0,0,0,0,0,0,0,4410.0
3,6.2,51.0,170000000.0,417719760,4485.0,0,1,0,0,0,0,0,1,0,0,0,0,0,0,1,0,0,0,0,0,0,6.2,51.0,1,1,1,0,0,0,0,0,0,0,0,0,0,0,0,4485.0
4,7.7,66.0,110000000.0,318491426,4349.0,0,0,1,0,0,0,0,0,1,0,0,0,0,1,0,0,0,0,0,0,0,7.7,66.0,1,1,0,0,1,0,0,0,0,0,0,0,0,0,0,4349.0
5,6.9,58.0,90000000.0,406376838,3849.0,0,0,0,1,0,0,0,1,0,0,0,0,0,0,0,0,0,0,0,0,1,5.866666666666667,47.0,1,1,0,0,1,0,0,0,0,0,0,0,0,0,0,3849.0
6,7.7,86.0,178000000.0,220159104,4395.0,0,0,0,0,1,0,0,1,0,0,0,0,0,0,0,1,0,0,0,0,0,7.366666666666667,70.33333333333333,1,1,0,0,0,1,0,0,0,0,0,0,0,0,0,4395.0
7,7.1,70.0,162000000.0,216648740,4206.0,1,0,0,0,0,0,0,1,0,0,0,0,0,0,0,1,0,0,0,0,0,7.199999999999999,67.0,1,1,0,0,1,0,0,0,0,0,0,0,0,0,0,4206.0
8,6.9,62.0,275000000.0,213767512,4381.0,1,0,0,0,0,0,0,1,0,0,0,0,0,1,0,0,0,0,0,0,0,6.68,54.2,1,1,1,0,0,0,0,0,0,0,0,0,0,0,0,4381.0
9,6.7,35.0,100000000.0,213312395,4250.0,0,0,0,1,0,0,0,1,0,0,0,0,0,0,0,0,0,0,1,0,0,6.5,41.333333333333336,1,1,1,0,0,0,0,0,0,0,0,0,0,0,0,4250.0
10,7.7,88.0,36000000.0,201157885,3904.0,0,0,0,0,0,1,0,0,1,0,0,0,0,0,0,0,0,0,1,0,0,7.7,88.0,0,0,0,0,0,0,1,1,1,0,0,0,0,0,0,3904.0
11,6.9,55.0,160000000.0,199059824,4184.0,0,0,0,0,0,1,0,1,0,0,0,0,0,0,0,0,0,0,0,0,1,7.199999999999999,63.75,1,1,0,0,0,0,0,0,0,1,0,0,0,0,0,4184.0
12,8.0,49.0,52000000.0,189813133,4000.0,0,0,1,0,0,0,0,1,0,0,0,0,0,0,0,0,0,0,0,1,0,7.25,56.75,0,0,0,0,0,0,1,1,0,0,1,0,0,0,0,4000.0
13,7.5,82.0,17000000.0,188024361,3808.0,0,0,0,0,1,0,0,1,0,0,0,0,1,0,0,0,0,0,0,0,0,7.5,82.0,0,0,1,0,0,0,1,0,0,0,0,1,0,0,0,3808.0
14,7.1,71.0,175000000.0,177616854,4017.0,1,0,0,0,0,0,1,0,0,0,0,0,0,0,0,0,0,0,0,1,0,7.1,71.0,0,1,0,1,1,0,0,0,0,0,0,0,0,0,0,4017.0
15,6.9,74.0,30000000.0,174039071,3865.0,0,0,0,0,0,1,0,1,0,0,0,0,0,0,0,0,1,0,0,0,0,5.775,50.5,0,0,0,0,1,0,1,0,1,0,0,0,0,0,0,3865.0
16,6.3,54.0,80000000.0,168786400,4267.0,0,0,0,1,0,0,1,0,0,0,0,0,0,0,0,1,0,0,0,0,0,6.7,48.333333333333336,0,1,0,1,1,0,0,0,0,0,0,0,0,0,0,4267.0
17,7.8,87.0,325000.0,159336510,3990.0,0,1,0,0,0,0,0,0,1,0,0,0,0,0,0,0,0,0,1,0,0,7.949999999999999,72.0,0,0,0,0,0,1,0,0,0,0,0,1,0,0,0,3990.0
18,6.6,52.0,200000000.0,156781859,4163.0,0,0,0,0,0,1,0,1,0,0,0,0,0,0,0,0,0,0,0,1,0,7.049999999999999,61.75,0,1,0,0,0,0,0,0,0,1,0,0,0,0,0,4163.0
19,5.6,46.0,130000000.0,145443742,4118.0,0,0,0,0,0,1,0,1,0,0,0,0,0,0,0,0,1,0,0,0,0,5.85,46.0,1,0,1,0,0,0,0,0,0,0,0,1,0,0,0,4118.0
20,6.8,61.0,70000000.0,140218711,4145.0,0,0,0,0,0,1,0,1,0,0,0,0,0,0,1,0,0,0,0,0,0,6.8,61.0,1,0,0,0,1,0,0,0,0,0,0,0,1,0,0,4145.0
21,7.5,64.0,175000000.0,137690172,4234.0,0,0,0,0,0,1,0,1,0,0,0,1,0,0,0,0,0,0,0,0,0,7.540000000000001,78.9,1,1,1,0,0,0,0,0,0,0,0,0,0,0,0,4234.0
22,7.6,48.0,84000000.0,174340174,3342.0,0,0,1,0,0,0,1,0,0,0,0,0,0,0,0,0,0,0,0,0,1,7.6,48.0,0,0,0,0,0,0,1,1,0,0,1,0,0,0,0,3342.0
23,6.6,60.0,75000000.0,120634935,3514.0,0,1,0,0,0,0,0,1,0,0,0,0,0,0,0,1,0,0,0,0,0,6.6,60.0,0,0,0,0,1,0,0,1,1,0,0,0,0,0,0,3514.0
24,5.3,46.0,22000000.0,117450119,3876.0,0,0,0,0,0,1,0,0,1,0,0,0,0,0,0,0,0,1,0,0,0,5.3,46.0,0,0,0,0,0,1,0,0,0,0,0,1,0,0,1,3876.0
25,6.6,51.0,50000000.0,115253424,3725.0,0,0,0,1,0,0,1,0,0,0,1,0,0,0,0,0,0,0,0,0,0,6.6,51.0,0,1,0,0,1,0,0,0,0,0,0,0,0,0,0,3725.0
27,8.4,87.0,90000000.0,108146445,3813.0,0,0,0,1,0,0,1,0,0,0,0,0,0,0,0,0,0,0,0,0,1,8.4,87.0,1,1,0,1,0,0,0,0,0,0,0,0,0,0,0,3813.0
28,6.7,66.0,130000000.0,105930461,4090.0,1,0,0,0,0,0,1,0,0,0,0,0,0,0,0,0,0,0,0,0,1,6.400000000000001,60.0,0,0,0,0,1,0,0,0,0,1,0,0,0,0,0,4090.0
29,7.0,84.0,317000000.0,620181382,4232.0,1,0,0,0,0,0,0,1,0,0,0,0,0,0,0,0,0,0,0,0,1,7.0,84.0,1,1,0,0,0,0,0,0,0,1,0,0,0,0,0,4232.0
30,6.7,50.0,62000000.0,102084362,3388.0,0,0,0,1,0,0,0,0,1,0,0,0,0,0,0,1,0,0,0,0,0,6.933333333333334,53.666666666666664,1,0,0,0,0,1,0,0,0,0,0,0,1,0,0,3388.0
31,6.1,45.0,120000000.0,101028233,4115.0,0,0,0,0,0,1,0,1,0,0,0,0,1,0,0,0,0,0,0,0,0,5.55,39.75,1,1,1,0,0,0,0,0,0,0,0,0,0,0,0,4115.0
32,4.2,53.0,100000000.0,100478608,3980.0,1,0,0,0,0,0,1,0,0,0,0,1,0,0,0,0,0,0,0,0,0,5.85,67.0,0,1,0,0,0,0,0,0,0,1,0,0,0,0,0,3980.0
33,4.5,31.0,55000000.0,100407760,3768.0,0,1,0,0,0,0,0,0,1,0,1,0,0,0,0,0,0,0,0,0,0,4.55,32.0,0,0,0,0,0,1,1,0,1,0,0,0,0,0,0,3768.0
34,7.3,60.0,75000000.0,99215042,3602.0,1,0,0,0,0,0,1,0,0,0,0,0,0,0,0,0,1,0,0,0,0,7.15,61.5,0,0,0,0,1,0,1,0,0,0,0,0,0,0,0,3602.0
36,6.6,60.0,80000000.0,82976621,4131.0,0,0,0,0,0,1,1,0,0,0,0,0,0,0,0,0,0,1,0,0,0,6.6,60.0,0,1,0,1,1,0,0,0,0,0,0,0,0,0,0,4131.0
37,7.2,83.0,50000000.0,81903458,2851.0,0,0,1,0,0,0,0,1,0,0,0,0,0,0,0,0,0,0,0,0,1,7.540000000000001,78.9,0,0,0,0,0,1,1,0,0,0,0,0,0,0,0,2851.0
38,5.6,43.0,29000000.0,77321243,3019.0,0,1,0,0,0,0,0,1,0,0,0,0,0,0,0,0,0,1,0,0,0,6.1000000000000005,60.0,0,0,0,0,1,0,0,0,0,0,0,0,0,0,0,3019.0
39,6.8,66.0,135000000.0,71426119,3597.0,0,0,0,0,1,0,0,1,0,0,0,0,0,0,0,0,0,0,0,0,1,6.8,66.0,1,1,1,0,0,0,0,0,0,0,0,0,0,0,0,3597.0
40,5.2,54.0,13000000.0,69488745,3038.0,0,1,0,0,0,0,0,0,1,0,0,0,0,0,0,1,0,0,0,0,0,5.2,54.0,1,0,1,0,0,0,0,0,0,0,0,1,0,0,0,3038.0
41,6.9,66.0,37000000.0,69179066,3502.0,0,0,0,0,0,1,0,0,1,0,1,0,0,0,0,0,0,0,0,0,0,6.5,50.0,1,0,0,0,1,0,0,0,0,0,0,0,1,0,0,3502.0
42,6.1,53.0,10000000.0,68566296,3169.0,0,0,0,0,1,0,0,1,0,0,0,0,0,1,0,0,0,0,0,0,0,6.1,53.0,0,0,0,0,1,0,1,0,1,0,0,0,0,0,0,3169.0
43,6.0,57.0,42000000.0,68536400,3592.0,0,1,0,0,0,0,1,0,0,0,0,0,0,0,0,0,0,1,0,0,0,6.0,57.0,0,0,0,0,1,0,0,0,0,1,0,0,0,0,0,3592.0
44,5.8,51.0,125000000.0,68420120,3822.0,0,1,0,0,0,0,0,1,0,0,0,0,0,0,0,1,0,0,0,0,0,6.366666666666667,49.0,1,1,0,0,0,1,0,0,0,0,0,0,0,0,0,3822.0
45,5.7,49.0,10000000.0,67745330,3150.0,0,1,0,0,0,0,0,1,0,1,0,0,0,0,0,0,0,0,0,0,0,5.7,49.0,0,0,0,0,0,1,0,0,0,0,0,1,0,0,1,3150.0
46,7.3,57.0,48000000.0,64845006,3426.0,0,0,0,0,1,0,0,1,0,0,0,0,0,0,0,0,0,0,0,1,0,6.26,40.0,0,0,0,0,1,0,1,0,0,0,0,0,0,0,0,3426.0
47,7.0,58.0,50000000.0,64720334,3329.0,0,0,0,0,0,1,0,0,1,0,0,0,0,0,0,0,0,0,0,0,1,6.75,61.5,0,0,0,0,0,1,1,0,0,0,0,0,1,0,0,3329.0
48,6.2,69.0,21000000.0,60311495,3418.0,0,1,0,0,0,0,0,0,1,0,0,0,1,0,0,0,0,0,0,0,0,6.2,69.0,0,0,0,0,1,0,0,0,0,0,0,0,0,0,0,3418.0
49,5.6,44.0,150000000.0,59874525,3708.0,0,1,0,0,0,0,0,1,0,0,0,1,0,0,0,0,0,0,0,0,0,5.6,44.0,1,1,1,0,0,0,0,0,0,0,0,0,0,0,0,3708.0
50,6.3,48.0,94000000.0,58250803,3854.0,0,0,0,0,0,1,0,1,0,0,0,1,0,0,0,0,0,0,0,0,0,6.3,48.0,1,1,0,0,0,0,0,0,0,1,0,0,0,0,0,3854.0
51,6.2,50.0,62000000.0,58032443,3793.0,0,0,1,0,0,0,0,1,0,1,0,0,0,0,0,0,0,0,0,0,0,6.433333333333334,50.0,1,1,1,0,0,0,0,0,0,0,0,0,0,0,0,3793.0
52,6.5,56.0,28000000.0,54730625,3382.0,0,0,0,0,0,1,0,0,1,0,0,0,0,0,1,0,0,0,0,0,0,6.5,56.0,1,0,0,0,1,0,0,0,0,0,0,0,0,0,0,3382.0
53,5.5,39.0,120000000.0,54581769,3766.0,1,0,0,0,0,0,1,0,0,0,0,0,0,0,0,0,0,0,0,1,0,6.666666666666667,45.666666666666664,0,1,0,0,0,0,0,0,0,1,0,0,0,0,0,3766.0
55,5.6,46.0,30000000.0,53059911,3656.0,0,0,0,0,0,1,0,1,0,0,0,0,0,1,0,0,0,0,0,0,0,5.3,41.666666666666664,0,0,0,0,1,0,0,0,0,0,0,0,0,0,0,3656.0
56,5.3,48.0,88000000.0,51024708,4070.0,0,0,1,0,0,0,0,0,1,0,0,0,0,0,0,0,0,1,0,0,0,6.35,59.0,1,1,1,0,0,0,0,0,0,0,0,0,0,0,0,4070.0
58,7.1,61.0,35000000.0,50072235,3055.0,0,0,0,1,0,0,0,0,1,0,0,0,0,0,1,0,0,0,0,0,0,7.1,61.0,1,1,0,0,0,0,0,0,0,0,0,0,1,0,0,3055.0
62,6.6,53.0,69000000.0,46874505,3064.0,0,0,1,0,0,0,0,0,1,0,0,1,0,0,0,0,0,0,0,0,0,6.75,52.5,1,0,0,0,0,1,1,0,0,0,0,0,0,0,0,3064.0
63,5.4,42.0,6000000.0,46840590,2537.0,0,1,0,0,0,0,0,1,0,0,0,0,0,1,0,0,0,0,0,0,0,5.85,38.0,1,0,0,0,0,0,1,0,0,0,0,0,1,0,0,2537.0
64,5.6,53.0,35000000.0,46700633,3723.0,0,0,0,1,0,0,1,0,0,0,0,0,0,0,0,0,0,0,1,0,0,5.6,53.0,0,1,0,0,1,0,0,0,0,0,0,0,0,0,0,3723.0
65,6.6,54.0,35000000.0,45819713,3018.0,0,0,0,0,0,1,0,0,1,1,0,0,0,0,0,0,0,0,0,0,0,6.6,54.0,1,0,0,0,0,0,1,0,0,0,0,0,0,0,0,3018.0
67,7.3,84.0,59000000.0,44923035,3640.0,0,1,0,0,0,0,0,1,0,0,0,0,0,0,0,0,0,0,1,0,0,7.3,84.0,0,0,0,0,0,0,1,0,0,0,1,0,0,0,0,3640.0
70,5.2,36.0,59000000.0,43242871,3662.0,0,0,0,0,1,0,1,0,0,0,0,1,0,0,0,0,0,0,0,0,0,5.2,36.0,0,1,0,1,1,0,0,0,0,0,0,0,0,0,0,3662.0
72,6.9,84.0,42000000.0,41904173,2803.0,0,0,1,0,0,0,0,0,1,0,0,0,0,0,0,0,0,0,0,1,0,6.9,84.0,0,0,0,0,0,1,1,0,0,0,0,0,1,0,0,2803.0
73,5.8,40.0,45000000.0,104897530,3468.0,0,1,0,0,0,0,0,1,0,0,0,0,0,0,0,0,0,0,0,0,1,5.8,40.0,0,0,0,0,1,0,0,1,0,0,0,0,0,0,0,3468.0
74,5.2,35.0,3500000.0,41411015,3068.0,0,1,0,0,0,0,0,1,0,0,0,0,1,0,0,0,0,0,0,0,0,5.85,38.0,0,0,0,0,0,1,0,0,0,0,0,1,0,0,0,3068.0
75,7.8,88.0,40000000.0,40891591,3702.0,0,0,0,0,0,1,1,0,0,1,0,0,0,0,0,0,0,0,0,0,0,7.8,88.0,0,1,0,0,1,0,0,0,0,0,0,0,0,0,0,3702.0
76,7.6,72.0,17000000.0,40826341,2434.0,0,0,1,0,0,0,0,1,0,0,0,1,0,0,0,0,0,0,0,0,0,7.05,55.5,0,0,0,0,1,0,1,0,1,0,0,0,0,0,0,2434.0
79,5.3,45.0,30000000.0,36276286,3042.0,0,0,0,0,0,1,0,1,0,0,1,0,0,0,0,0,0,0,0,0,0,6.75,61.5,0,0,0,0,0,1,1,0,0,0,1,0,0,0,0,3042.0
85,6.8,79.0,40000000.0,32732301,2112.0,0,0,0,0,1,0,0,0,1,0,1,0,0,0,0,0,0,0,0,0,0,6.8,79.0,0,1,0,0,0,0,1,0,0,0,0,1,0,0,0,2112.0
86,8.2,69.0,23000000.0,32153006,2648.0,0,1,0,0,0,0,0,1,0,0,0,0,0,0,0,0,0,0,0,1,0,8.2,69.0,0,0,0,0,1,0,1,0,0,0,1,0,0,0,0,2648.0
87,7.4,86.0,20000000.0,31713110,2468.0,0,0,0,0,1,0,0,0,1,0,0,0,0,0,0,0,0,0,0,1,0,7.4,86.0,0,0,0,0,1,0,1,0,0,0,0,0,0,0,0,2468.0
89,6.7,58.0,111000000.0,84410380,3630.0,0,0,1,0,0,0,1,0,0,0,0,0,0,0,0,0,0,0,0,0,1,6.7,58.0,0,1,0,1,1,0,0,0,0,0,0,0,0,0,0,3630.0
91,6.1,41.0,13500000.0,30617396,2125.0,0,0,1,0,0,0,0,0,1,0,0,0,1,0,0,0,0,0,0,0,0,6.1,41.0,0,0,0,0,1,0,0,0,0,0,0,0,1,0,1,2125.0
94,8.4,81.0,175000000.0,209726015,3987.0,1,0,0,0,0,0,1,0,0,0,0,0,0,0,0,0,0,0,0,1,0,8.4,81.0,0,1,0,1,0,0,0,0,0,0,0,0,0,0,0,3987.0
96,7.4,81.0,23000000.0,29666375,2375.0,0,0,1,0,0,0,0,1,0,0,0,0,0,0,0,0,0,0,1,0,0,7.25,57.0,0,0,0,0,0,0,1,0,0,0,0,0,1,0,0,2375.0
104,6.6,60.0,38000000.0,21704844,2859.0,0,0,0,0,1,0,0,0,1,0,0,0,0,0,0,0,0,0,0,1,0,6.6,60.0,1,1,0,0,0,0,0,0,0,0,0,1,0,0,0,2859.0
105,3.8,24.0,42000000.0,21249250,2780.0,0,0,0,1,0,0,0,1,0,0,0,0,0,0,0,0,0,0,0,0,1,4.9,29.0,0,0,0,0,1,0,0,0,0,0,0,0,1,0,1,2780.0
109,5.1,52.0,16000000.0,20545116,2220.0,0,0,0,1,0,0,0,0,1,0,0,0,0,0,1,0,0,0,0,0,0,5.1,52.0,1,0,0,0,0,1,0,0,0,0,0,0,1,0,0,2220.0
112,7.1,60.0,32000000.0,17839115,2808.0,0,0,1,0,0,0,0,0,1,0,0,0,0,0,0,0,0,0,1,0,0,7.1,60.0,0,0,0,0,0,0,1,0,0,0,0,0,1,0,1,2808.0
121,6.1,44.0,100000000.0,14894175,3103.0,0,1,0,0,0,0,0,1,0,0,0,0,0,0,0,0,0,0,0,0,1,6.1,44.0,1,1,0,0,0,0,0,0,0,1,0,0,0,0,0,3103.0
122,6.1,43.0,43000000.0,14841338,2929.0,0,0,0,1,0,0,0,0,1,0,0,0,0,0,0,0,0,0,0,1,0,6.1,43.0,1,0,0,0,0,0,1,0,0,0,0,0,1,0,0,2929.0
125,5.7,39.0,34000000.0,12695691,3127.0,0,0,1,0,0,0,0,1,0,0,0,0,0,0,0,0,1,0,0,0,0,5.7,39.0,1,1,0,0,0,0,1,0,0,0,0,0,0,0,0,3127.0
135,6.2,40.0,39000000.0,8357895,1911.0,0,1,0,0,0,0,0,1,0,0,0,0,0,0,0,0,0,0,0,0,1,7.3500000000000005,64.5,0,0,0,0,1,0,1,0,0,0,1,0,0,0,0,1911.0
142,5.7,63.0,68000000.0,24449754,2668.0,0,0,0,0,1,0,0,0,1,0,0,0,0,0,0,0,0,0,0,0,1,6.7,75.0,0,0,1,0,0,0,1,0,0,0,0,0,0,0,0,2668.0
153,5.1,36.0,19000000.0,5059608,2032.0,0,0,0,0,1,0,0,0,1,0,0,0,0,0,1,0,0,0,0,0,0,5.1,36.0,0,0,0,0,1,0,0,0,0,0,0,0,0,0,0,2032.0
154,5.5,22.0,25000000.0,17501244,2902.0,0,0,0,0,0,1,0,0,1,0,0,0,0,0,0,0,0,0,0,0,1,5.5,22.0,0,0,0,0,1,0,1,0,0,0,0,0,0,0,0,2902.0
155,6.2,39.0,25000000.0,4412170,552.0,0,1,0,0,0,0,1,0,0,0,0,0,0,0,0,0,0,0,1,0,0,6.2,39.0,1,1,0,0,1,0,0,0,0,0,0,0,0,0,0,552.0
159,7.9,74.0,180000000.0,315058289,4080.0,1,0,0,0,0,0,0,1,0,0,0,0,0,0,0,0,0,0,0,1,0,7.9,74.0,1,1,0,0,1,0,0,0,0,0,0,0,0,0,0,4080.0
162,6.3,45.0,300000000.0,229024295,4051.0,0,0,0,0,0,1,0,1,0,0,0,0,0,0,0,0,0,0,0,1,0,6.5200000000000005,46.0,1,1,0,0,0,0,0,0,0,1,0,0,0,0,0,4051.0
167,6.0,30.0,69000000.0,104029443,3575.0,0,0,0,0,1,0,0,1,0,0,0,0,0,0,0,0,0,0,0,1,0,6.26,40.0,0,0,0,0,1,0,0,0,0,0,0,0,0,0,0,3575.0
168,6.5,52.0,55000000.0,102826543,3354.0,0,0,1,0,0,0,0,1,0,0,0,0,0,0,0,0,0,0,0,1,0,6.65,58.25,0,0,0,0,0,0,1,0,0,0,0,0,1,0,1,3354.0
175,7.9,94.0,100000000.0,189741050,53.0,0,0,0,0,0,1,0,1,0,0,0,0,0,0,0,0,0,0,0,0,1,8.425,80.0,1,0,0,0,0,0,1,0,0,0,0,0,0,0,0,53.0
182,6.2,42.0,20000000.0,40852824,2976.0,0,0,0,1,0,0,1,0,0,0,0,0,0,0,0,0,0,0,0,1,0,6.2,42.0,0,1,0,1,1,0,0,0,0,0,0,0,0,0,0,2976.0
183,8.9,94.0,22000000.0,833050,1029.0,0,1,0,0,0,0,0,0,1,0,0,0,0,0,0,0,0,0,0,0,1,7.540000000000001,78.9,0,0,0,0,0,0,1,0,0,0,1,0,0,0,0,1029.0
192,8.0,81.0,150000000.0,92054159,4058.0,0,0,0,0,0,1,0,0,1,0,0,0,0,0,0,0,0,0,1,0,0,8.0,77.33333333333333,1,0,0,0,0,0,1,0,0,0,0,0,0,0,1,4058.0
196,7.7,85.0,4500000.0,176040665,3143.0,0,1,0,0,0,0,0,0,1,0,1,0,0,0,0,0,0,0,0,0,0,7.7,85.0,0,0,0,0,0,1,0,0,0,0,0,1,0,0,1,3143.0
206,7.6,72.0,38000000.0,18493983,2577.0,0,0,0,1,0,0,0,1,0,0,0,0,0,0,0,0,0,0,1,0,0,7.133333333333333,58.333333333333336,1,0,0,0,0,0,1,0,0,0,1,0,0,0,0,2577.0
210,5.3,21.0,120000000.0,33700160,3246.0,0,0,0,0,0,1,0,1,0,0,0,0,0,0,0,0,0,0,1,0,0,5.3,21.0,1,0,1,0,0,1,0,0,0,0,0,0,0,0,0,3246.0
211,6.5,58.0,22000000.0,11962778,1669.0,0,0,0,1,0,0,0,1,0,0,0,0,0,0,0,0,0,0,0,1,0,6.5,58.0,0,0,0,0,0,1,1,0,0,0,0,0,1,0,0,1669.0
227,6.7,44.0,104000000.0,100228294,4038.0,0,0,1,0,0,0,0,0,1,0,0,0,0,0,0,0,0,1,0,0,0,7.2,52.0,1,1,0,0,1,0,0,0,0,0,0,0,0,0,0,4038.0
228,5.7,54.0,400000.0,2488,10.0,0,0,0,1,0,0,0,0,1,0,0,0,0,0,0,0,0,0,1,0,0,5.7,54.0,0,0,0,0,0,1,0,0,0,0,0,1,0,0,1,10.0
229,7.1,65.0,160000000.0,551791447,4210.0,1,0,0,0,0,0,1,0,0,0,0,1,0,0,0,0,0,0,0,0,0,6.65,57.0,0,0,0,0,0,0,0,1,0,1,0,0,0,0,0,4210.0
230,7.4,76.0,149000000.0,412563408,4165.0,0,0,0,0,0,1,0,1,0,0,0,0,0,0,1,0,0,0,0,0,0,7.4,76.0,1,1,0,0,0,0,0,0,0,1,0,0,0,0,0,4165.0
231,7.6,67.0,200000000.0,389813101,4347.0,1,0,0,0,0,0,0,1,0,0,0,0,0,1,0,0,0,0,0,0,0,7.8,71.5,1,1,0,0,1,0,0,0,0,0,0,0,0,0,0,4347.0
232,7.4,73.0,175000000.0,334201140,4348.0,0,0,0,1,0,0,0,1,0,0,0,0,0,0,0,1,0,0,0,0,0,7.4,73.0,1,1,1,0,0,0,0,0,0,0,0,0,0,0,0,4348.0
233,7.3,69.0,35000000.0,327481748,4148.0,0,0,0,0,0,1,0,0,1,0,0,0,0,0,0,0,0,1,0,0,0,6.75,63.0,0,0,0,0,0,0,0,0,0,0,0,1,0,0,0,4148.0
234,6.3,49.0,80000000.0,264624300,4535.0,0,1,0,0,0,0,1,0,0,0,0,0,0,0,1,0,0,0,0,0,0,6.35,52.5,0,1,0,1,1,0,0,0,0,0,0,0,0,0,0,4535.0
235,8.1,77.0,97000000.0,226284205,4071.0,0,0,1,0,0,0,0,0,1,0,0,1,0,0,0,0,0,0,0,0,0,7.033333333333334,61.333333333333336,1,0,1,0,0,0,1,0,0,0,0,0,0,0,0,4071.0
236,6.7,56.0,250000000.0,226008385,4329.0,0,1,0,0,0,0,0,1,0,0,0,0,1,0,0,0,0,0,0,0,0,7.25,64.0,1,1,0,0,0,0,0,0,0,0,0,0,1,0,0,4329.0
237,7.3,75.0,80000000.0,175750384,4088.0,0,0,0,0,0,1,1,0,0,0,1,0,0,0,0,0,0,0,0,0,0,7.3,75.0,1,0,0,1,1,0,0,0,0,0,0,0,0,0,0,4088.0
238,6.3,50.0,125000000.0,175003033,3829.0,0,0,1,0,0,0,1,0,0,0,0,1,0,0,0,0,0,0,0,0,0,6.3,50.0,0,1,0,1,1,0,0,0,0,0,0,0,0,0,0,3829.0
239,6.6,39.0,230000000.0,172558876,4276.0,1,0,0,0,0,0,0,1,0,0,0,0,0,1,0,0,0,0,0,0,0,6.6,39.0,1,1,0,0,0,0,0,0,0,1,0,0,0,0,0,4276.0
240,6.6,62.0,185000000.0,168052812,3846.0,0,0,0,0,0,1,0,1,0,0,0,1,0,0,0,0,0,0,0,0,0,6.6,62.0,1,1,0,0,0,0,0,0,0,1,0,0,0,0,0,3846.0
241,7.8,74.0,25000000.0,169607287,3416.0,0,0,1,0,0,0,1,0,0,0,0,0,0,0,0,0,0,0,0,0,1,7.8,74.0,0,0,0,0,0,0,1,0,0,0,1,0,0,0,0,3416.0
242,7.4,82.0,150000000.0,146880162,4100.0,0,0,1,0,0,0,0,1,0,0,0,0,0,0,0,1,0,0,0,0,0,7.5,80.5,1,1,0,0,0,0,1,0,0,0,0,0,0,0,0,4100.0
243,7.3,62.0,9000000.0,138291365,3373.0,0,1,0,0,0,0,0,1,0,1,0,0,0,0,0,0,0,0,0,0,0,5.575,42.5,0,0,0,0,0,1,0,0,0,0,0,1,0,0,0,3373.0
244,5.2,27.0,217000000.0,130168683,4132.0,0,0,0,0,1,0,0,1,0,0,0,0,0,0,1,0,0,0,0,0,0,6.125,38.0,1,1,1,0,0,0,0,0,0,0,0,0,0,0,0,4132.0
245,7.8,65.0,200000000.0,532177324,4157.0,1,0,0,0,0,0,0,1,0,0,0,0,0,0,0,0,0,0,0,0,1,7.1,63.5,1,1,1,0,0,0,0,0,0,0,0,0,0,0,0,4157.0
247,7.1,59.0,75000000.0,270395425,4029.0,0,1,0,0,0,0,1,0,0,0,0,0,0,0,0,0,0,0,0,0,1,7.1,59.0,0,0,0,1,1,0,0,0,0,0,0,0,0,0,0,4029.0
248,6.2,71.0,19000000.0,115171585,2648.0,0,1,0,0,0,0,0,0,1,0,0,0,0,0,0,1,0,0,0,0,0,6.1000000000000005,60.0,0,1,0,0,1,0,1,0,0,0,0,0,0,0,0,2648.0
249,4.6,33.0,55000000.0,114581250,3714.0,0,1,0,0,0,0,0,0,1,0,1,0,0,0,0,0,0,0,0,0,0,4.55,32.0,0,0,0,0,0,0,1,0,1,0,0,0,0,0,0,3714.0
251,6.5,62.0,15000000.0,102092201,3565.0,0,0,0,0,0,1,0,0,1,0,0,0,0,0,0,0,1,0,0,0,0,6.4,60.0,0,0,0,0,0,1,0,0,0,0,0,1,0,0,1,3565.0
253,3.3,12.0,50000000.0,86089513,4075.0,0,0,0,1,0,0,1,0,0,0,0,0,0,0,0,1,0,0,0,0,0,3.3,12.0,0,1,0,1,1,0,0,0,0,0,0,0,0,0,0,4075.0
255,7.0,48.0,80000000.0,80227895,4035.0,0,1,0,0,0,0,0,1,0,0,0,0,0,0,1,0,0,0,0,0,0,7.0,48.0,1,1,0,0,0,0,0,0,0,1,0,0,0,0,0,4035.0
257,6.4,65.0,97000000.0,74262031,3772.0,0,0,1,0,0,0,0,0,1,0,0,0,0,1,0,0,0,0,0,0,0,6.540000000000001,61.8,0,0,1,0,0,1,0,0,0,0,0,1,0,0,0,3772.0
258,6.2,69.0,38000000.0,73921000,3529.0,0,0,1,0,0,0,1,0,0,0,0,0,0,0,1,0,0,0,0,0,0,6.300000000000001,63.5,1,0,0,1,1,0,0,0,0,0,0,0,0,0,0,3529.0
259,7.2,43.0,22000000.0,64508620,3178.0,0,1,0,0,0,0,1,0,0,1,0,0,0,0,0,0,0,0,0,0,0,6.666666666666667,45.666666666666664,0,1,0,0,1,0,1,0,0,0,0,0,0,0,0,3178.0
260,6.0,55.0,70000000.0,59281555,4047.0,0,0,0,0,0,1,1,0,0,0,0,0,0,0,0,0,0,1,0,0,0,6.0,55.0,1,1,0,1,0,0,0,0,0,0,0,0,0,0,0,4047.0
262,6.6,58.0,4800000.0,55683845,3535.0,0,1,0,0,0,0,0,1,0,0,0,0,0,0,0,0,0,0,1,0,0,5.966666666666666,44.0,0,0,0,0,0,1,0,0,0,0,0,1,0,0,1,3535.0
264,7.2,65.0,50000000.0,51342000,3098.0,0,1,0,0,0,0,0,0,1,0,0,0,0,0,0,0,0,1,0,0,0,7.550000000000001,68.0,1,0,0,0,1,0,0,0,0,0,1,0,0,0,0,3098.0
265,5.6,34.0,60000000.0,50701325,3451.0,0,0,0,1,0,0,0,1,0,0,0,0,0,0,0,0,1,0,0,0,0,5.6,34.0,1,1,0,0,0,0,0,0,0,1,0,0,0,0,0,3451.0
268,4.5,45.0,42000000.0,45852178,3511.0,0,0,1,0,0,0,0,0,1,0,0,0,0,1,0,0,0,0,0,0,0,5.45,51.5,1,1,0,0,1,0,0,0,0,0,0,0,0,0,0,3511.0
269,5.9,42.0,150000000.0,45540830,3328.0,0,1,0,0,0,0,0,1,0,0,1,0,0,0,0,0,0,0,0,0,0,5.9,42.0,1,1,0,0,0,0,0,0,0,1,0,0,0,0,0,3328.0
270,6.0,40.0,60000000.0,45020282,3610.0,0,0,0,1,0,0,1,0,0,0,0,0,1,0,0,0,0,0,0,0,0,6.0,40.0,0,1,0,1,1,0,0,0,0,0,0,0,0,0,0,3610.0
271,6.6,50.0,25000000.0,45018541,3076.0,0,0,0,0,0,1,0,1,0,0,0,0,1,0,0,0,0,0,0,0,0,6.6,50.0,0,0,0,0,1,0,0,0,0,0,0,0,1,0,0,3076.0
273,5.2,42.0,85000000.0,44898413,3651.0,0,0,0,0,1,0,0,1,0,1,0,0,0,0,0,0,0,0,0,0,0,5.65,39.0,1,1,0,0,0,1,0,0,0,0,0,0,0,0,0,3651.0
274,7.0,41.0,110000000.0,100014699,3478.0,0,0,0,1,0,0,0,1,0,0,0,0,0,0,0,0,0,0,0,0,1,7.0,41.0,0,0,1,0,0,0,1,0,1,0,0,0,0,0,0,3478.0
277,7.6,81.0,150000000.0,248760037,3875.0,1,0,0,0,0,0,1,0,0,0,0,0,0,0,0,0,0,0,0,1,0,7.6,81.0,0,1,0,1,1,0,0,0,0,0,0,0,0,0,0,3875.0
278,6.3,52.0,110000000.0,40563557,3440.0,0,0,0,0,1,0,0,1,0,0,0,1,0,0,0,0,0,0,0,0,0,6.199999999999999,54.5,1,0,0,0,0,0,1,0,0,0,0,0,1,0,0,3440.0
280,6.7,41.0,175000000.0,39175066,3702.0,0,0,0,0,0,1,0,1,0,0,0,0,0,1,0,0,0,0,0,0,0,7.275,50.5,1,1,0,0,0,0,1,0,0,0,0,0,0,0,0,3702.0
284,6.4,52.0,10000000.0,34121140,2801.0,0,0,0,0,0,1,0,1,0,0,0,0,0,1,0,0,0,0,0,0,0,6.4,52.0,0,0,0,0,0,0,1,0,1,0,0,0,0,0,0,2801.0
286,5.6,41.0,125000000.0,33370166,3119.0,0,0,0,0,1,0,1,0,0,1,0,0,0,0,0,0,0,0,0,0,0,6.15,46.5,1,1,0,0,1,0,0,0,0,0,0,0,0,0,0,3119.0
287,5.6,37.0,22000000.0,32187017,3185.0,0,0,0,0,0,1,0,0,1,0,1,0,0,0,0,0,0,0,0,0,0,5.6,37.0,0,0,0,0,1,0,0,0,0,0,0,0,0,0,0,3185.0
289,7.2,79.0,24000000.0,57682904,2368.0,0,0,0,0,1,0,0,1,0,0,0,0,0,0,0,0,0,0,0,0,1,7.2,79.0,0,0,0,0,0,0,1,0,0,0,0,0,0,0,0,2368.0
293,6.4,48.0,35000000.0,30348555,3259.0,0,0,1,0,0,0,0,1,0,0,0,0,0,0,0,0,0,0,1,0,0,6.4,48.0,1,1,0,0,0,0,1,0,0,0,0,0,0,0,0,3259.0
294,6.2,39.0,38000000.0,60323786,3008.0,0,0,1,0,0,0,0,0,1,0,0,0,0,0,0,0,0,0,0,0,1,6.2,39.0,0,0,0,0,1,0,0,0,0,0,0,0,0,0,0,3008.0
296,4.5,25.0,25000000.0,27793018,2931.0,0,0,0,0,1,0,0,1,0,0,1,0,0,0,0,0,0,0,0,0,0,4.5,25.0,0,0,0,0,0,0,1,0,0,0,0,1,0,0,1,2931.0
300,5.6,30.0,40000000.0,25584504,3134.0,0,0,0,0,0,1,0,0,1,0,0,0,0,0,1,0,0,0,0,0,0,5.6,30.0,0,0,0,0,1,0,0,0,0,0,0,0,1,0,0,3134.0
303,5.2,51.0,20000000.0,22105643,3162.0,0,0,0,1,0,0,0,0,1,0,0,0,0,0,1,0,0,0,0,0,0,5.2,51.0,0,0,0,0,1,1,0,0,0,0,0,0,1,0,0,3162.0
307,4.3,39.0,22000000.0,20738724,3174.0,0,0,1,0,0,0,1,0,0,0,0,0,0,1,0,0,0,0,0,0,0,5.7,48.0,0,0,0,0,1,0,0,0,0,0,0,0,0,0,0,3174.0
310,6.0,28.0,25000000.0,18600152,2464.0,0,0,0,0,0,1,0,0,1,0,0,1,0,0,0,0,0,0,0,0,0,6.0,28.0,1,0,0,0,1,0,0,0,0,0,0,0,1,0,0,2464.0
311,5.7,36.0,125000000.0,54647948,2996.0,0,0,1,0,0,0,0,1,0,0,0,0,0,0,0,0,0,0,0,0,1,5.7,36.0,1,1,1,0,0,0,0,0,0,0,0,0,0,0,0,2996.0
312,6.6,75.0,30000000.0,17800004,2368.0,0,0,0,0,1,0,0,0,1,0,0,0,0,0,0,0,0,1,0,0,0,6.15,71.5,0,0,0,0,0,0,1,0,0,0,0,1,0,0,1,2368.0
315,5.2,27.0,19000000.0,16883115,2552.0,0,0,0,1,0,0,0,1,0,0,0,0,0,0,0,0,0,1,0,0,0,5.2,27.0,0,0,0,0,0,0,1,0,0,0,0,1,0,0,1,2552.0
324,7.3,66.0,180000000.0,234037575,4144.0,0,0,0,0,0,1,0,1,0,0,0,0,0,0,0,0,0,0,0,1,0,7.049999999999999,61.75,0,1,0,0,0,0,0,0,0,1,0,0,0,0,0,4144.0
326,6.4,49.0,108000000.0,10378555,2822.0,0,0,0,0,0,1,0,0,1,0,0,0,0,0,0,0,0,0,0,0,1,7.2,69.66666666666667,1,0,0,0,0,0,1,0,0,0,0,0,1,0,0,2822.0
328,6.5,68.0,20000000.0,9557797,2083.0,0,1,0,0,0,0,0,0,1,0,0,0,0,0,0,0,0,0,1,0,0,6.5,68.0,0,0,0,0,0,0,1,0,0,0,1,0,0,0,0,2083.0
330,7.9,81.0,47000000.0,100546139,3115.0,0,0,0,0,1,0,0,1,0,0,0,0,0,0,0,0,0,0,0,1,0,8.0,77.33333333333333,0,0,1,0,0,0,1,0,0,0,0,0,0,0,1,3115.0
333,6.4,47.0,40000000.0,8106986,2704.0,0,0,1,0,0,0,0,0,1,0,1,0,0,0,0,0,0,0,0,0,0,6.666666666666667,53.0,0,0,0,0,0,0,1,0,0,1,0,1,0,0,0,2704.0
338,7.2,79.0,46000000.0,7100177,1580.0,0,0,0,0,1,0,0,0,1,0,0,0,0,0,0,0,0,0,0,0,1,7.7749999999999995,75.0,0,0,0,0,0,0,1,0,0,0,0,0,0,0,0,1580.0
339,5.1,23.0,35000000.0,6700035,1815.0,0,1,0,0,0,0,0,0,1,0,0,0,0,0,0,0,0,0,1,0,0,5.1,23.0,0,0,0,0,0,1,1,0,0,0,0,0,1,0,0,1815.0
340,6.8,23.0,36000000.0,31016021,3028.0,0,0,0,0,0,1,0,1,0,0,0,0,0,0,0,0,0,0,0,0,1,6.433333333333334,47.0,0,0,0,0,0,0,1,0,1,0,0,0,0,0,0,3028.0
342,5.7,42.0,25000000.0,5775178,2046.0,0,0,0,0,1,0,0,0,1,0,0,0,0,0,0,0,0,0,1,0,0,6.3,53.666666666666664,0,0,0,0,1,1,0,0,0,0,0,0,1,0,0,2046.0
345,5.8,42.0,45000000.0,54767494,3210.0,0,0,0,0,1,0,0,0,1,0,0,0,0,0,0,0,0,0,0,0,1,5.8,42.0,0,0,0,0,1,0,0,0,0,0,0,0,0,0,0,3210.0
355,6.5,55.0,125000000.0,153707064,4066.0,0,0,1,0,0,0,1,0,0,0,0,0,0,0,0,0,0,0,0,1,0,6.5,55.0,0,1,0,1,1,0,0,0,0,0,0,0,0,0,0,4066.0
356,6.4,68.0,1000000.0,3496795,556.0,0,0,0,0,1,0,1,0,0,0,0,0,0,0,0,1,0,0,0,0,0,6.4,68.0,0,0,0,0,0,0,0,0,0,0,0,0,0,0,0,556.0
357,7.6,90.0,20000000.0,3100479,901.0,0,0,0,1,0,0,1,0,0,0,0,0,0,0,0,0,0,1,0,0,0,7.540000000000001,78.9,0,0,1,0,0,0,1,0,0,0,0,0,0,0,0,901.0
359,7.5,72.0,165000000.0,232641920,3882.0,1,0,0,0,0,0,0,1,0,0,0,0,0,0,0,0,0,0,0,1,0,7.5,72.0,1,1,0,0,0,0,0,0,0,1,0,0,0,0,0,3882.0
376,5.4,59.0,63300000.0,880346,67.0,0,0,0,1,0,0,0,1,0,0,1,0,0,0,0,0,0,0,0,0,0,5.4,59.0,0,1,0,0,1,0,0,0,0,0,0,0,0,0,0,67.0
377,7.8,75.0,200000000.0,58575756,87.0,0,0,0,0,1,0,0,1,0,0,0,0,0,0,0,0,0,0,0,0,1,7.8,79.0,0,0,0,0,0,0,1,0,1,0,0,0,0,0,0,87.0
379,7.1,60.0,85000000.0,40098064,3160.0,0,0,0,0,1,0,0,0,1,0,0,0,0,0,0,0,0,0,0,1,0,7.3500000000000005,64.5,1,0,0,0,0,0,1,0,1,0,0,0,0,0,0,3160.0
381,7.3,51.0,44000000.0,86260045,3402.0,0,0,0,0,0,1,0,0,1,0,0,0,0,0,0,0,0,0,1,0,0,7.3,51.0,1,0,0,0,0,0,1,0,0,0,0,0,1,0,0,3402.0
382,6.7,57.0,110000000.0,87242834,3835.0,0,0,1,0,0,0,0,1,0,0,0,0,0,0,0,0,0,1,0,0,0,6.550000000000001,59.75,0,1,0,0,0,0,1,0,0,0,0,0,0,0,0,3835.0
384,6.8,56.0,70000000.0,72679278,3922.0,0,0,0,0,0,1,1,0,0,0,0,0,0,0,0,0,0,1,0,0,0,6.279999999999999,61.8,0,1,0,1,1,0,0,0,0,0,0,0,0,0,0,3922.0
389,6.1,55.0,17000000.0,42158780,2379.0,0,1,0,0,0,0,0,1,0,0,0,0,0,0,0,0,0,0,0,1,0,6.1,55.0,0,0,0,0,1,0,1,0,0,0,0,0,0,0,0,2379.0
393,6.1,47.0,60000000.0,58697076,3780.0,0,0,0,0,1,0,0,1,0,0,0,0,0,0,0,0,0,0,1,0,0,6.4,51.0,1,0,0,0,0,1,0,0,0,0,0,0,0,0,0,3780.0
396,6.2,42.0,75000000.0,34343574,3576.0,0,0,0,1,0,0,0,1,0,0,0,0,0,0,0,0,0,0,1,0,0,6.68,54.2,1,1,0,0,0,0,0,0,0,0,0,0,1,0,0,3576.0
398,7.4,74.0,60000000.0,125070033,3955.0,0,0,0,0,0,1,0,1,0,0,0,0,0,0,0,0,0,1,0,0,0,6.75,61.5,0,0,0,0,0,0,1,0,0,0,1,0,0,0,0,3955.0
403,7.4,73.0,15000000.0,8874389,1259.0,1,0,0,0,0,0,1,0,0,0,0,0,0,0,0,0,0,1,0,0,0,7.4,73.0,0,0,0,0,0,0,1,0,0,0,1,0,0,1,0,1259.0
407,6.9,54.0,90000000.0,93432655,3696.0,0,0,0,1,0,0,0,1,0,0,0,0,0,0,0,0,0,1,0,0,0,6.933333333333334,53.666666666666664,1,1,0,0,0,0,0,0,0,0,0,0,0,0,0,3696.0
414,7.3,77.0,200000000.0,486295561,4305.0,1,0,0,0,0,0,1,0,0,0,0,0,0,0,1,0,0,0,0,0,0,6.949999999999999,64.0,0,1,0,1,1,0,0,0,0,0,0,0,0,0,0,4305.0
415,7.8,75.0,250000000.0,408084349,4226.0,1,0,0,0,0,0,0,1,0,0,0,0,0,1,0,0,0,0,0,0,0,7.966666666666666,71.0,1,1,1,0,0,0,0,0,0,0,0,0,0,0,0,4226.0
416,6.5,61.0,75000000.0,368384330,4381.0,0,1,0,0,0,0,1,0,0,0,0,0,0,0,0,1,0,0,0,0,0,6.45,53.5,0,1,0,1,1,0,0,0,0,0,0,0,0,0,0,4381.0
417,7.4,77.0,175000000.0,364001123,4144.0,1,0,0,0,0,0,1,0,0,0,0,0,1,0,0,0,0,0,0,0,0,7.040000000000001,63.6,0,1,0,0,0,0,1,0,0,0,0,0,0,0,0,4144.0
418,8.0,65.0,58000000.0,363070709,3856.0,0,0,1,0,0,0,0,0,1,0,1,0,0,0,0,0,0,0,0,0,0,8.0,65.0,1,1,0,0,1,0,0,0,0,0,0,0,0,0,0,3856.0
419,8.0,78.0,150000000.0,341268248,3959.0,1,0,0,0,0,0,1,0,0,0,0,1,0,0,0,0,0,0,0,0,0,8.0,78.0,0,1,0,1,1,0,0,0,0,0,0,0,0,0,0,3959.0
420,6.4,44.0,250000000.0,330360194,4256.0,0,0,0,0,0,1,0,1,0,0,0,1,0,0,0,0,0,0,0,0,0,6.5200000000000005,46.0,1,1,1,0,0,0,0,0,0,0,0,0,0,0,0,4256.0
421,6.0,40.0,175000000.0,325100054,4255.0,0,0,0,0,0,1,0,1,0,0,0,0,0,0,0,0,1,0,0,0,0,6.8,52.0,1,1,0,0,0,0,0,0,0,1,0,0,0,0,0,4255.0
422,7.9,80.0,245000000.0,936662225,4134.0,1,0,0,0,0,0,0,1,0,0,0,0,0,0,0,0,0,0,0,0,1,7.533333333333334,74.66666666666667,1,1,1,0,0,0,0,0,0,0,0,0,0,0,0,4134.0
423,8.0,76.0,135000000.0,183637894,3711.0,0,0,1,0,0,0,0,0,1,0,0,0,0,0,0,0,0,0,0,0,1,8.0,76.0,1,1,0,0,0,0,1,0,0,0,0,0,0,0,0,3711.0
424,6.6,58.0,120000000.0,162434410,4039.0,0,1,0,0,0,0,0,1,0,0,0,0,0,0,0,1,0,0,0,0,0,7.066666666666666,67.66666666666667,1,0,0,0,0,1,0,0,0,0,0,0,0,0,0,4039.0
425,7.1,68.0,185000000.0,158848340,3928.0,0,0,0,0,1,0,0,1,0,0,0,0,0,0,0,1,0,0,0,0,0,7.199999999999999,67.0,1,1,1,0,0,0,0,0,0,0,0,0,0,0,0,3928.0
426,6.9,52.0,178000000.0,155442489,4153.0,0,0,1,0,0,0,0,1,0,0,0,0,0,1,0,0,0,0,0,0,0,7.25,56.75,1,1,1,0,0,0,0,0,0,0,0,0,0,0,0,4153.0
427,7.1,66.0,145000000.0,143528619,3987.0,0,0,1,0,0,0,1,0,0,1,0,0,0,0,0,0,0,0,0,0,0,7.1,66.0,1,1,0,1,0,0,0,0,0,0,0,0,0,0,0,3987.0
428,7.8,71.0,30000000.0,131930917,3963.0,0,0,0,1,0,0,1,0,0,0,0,0,0,0,0,1,0,0,0,0,0,7.0,60.5,1,0,0,0,1,0,0,0,0,1,0,0,0,0,0,3963.0
429,6.3,52.0,50000000.0,127440871,3508.0,0,0,0,0,0,1,0,1,0,0,0,0,0,0,1,0,0,0,0,0,0,6.366666666666667,49.0,1,0,0,0,1,0,0,0,0,0,0,0,1,0,0,3508.0
430,6.2,44.0,180000000.0,126643061,3591.0,0,0,0,0,0,1,0,1,0,0,0,0,0,0,0,1,0,0,0,0,0,7.049999999999999,61.75,1,1,0,0,0,0,1,0,0,0,0,0,0,0,0,3591.0
432,5.2,32.0,165000000.0,103144286,4130.0,0,0,1,0,0,0,0,1,0,0,0,0,0,0,1,0,0,0,0,0,0,6.075,45.75,1,1,1,0,0,0,0,0,0,0,0,0,0,0,0,4130.0
433,7.3,65.0,40000000.0,102470008,3356.0,0,0,0,0,0,1,0,0,1,0,0,0,0,0,1,0,0,0,0,0,0,7.199999999999999,63.75,0,0,0,0,0,1,0,0,0,0,0,1,0,0,1,3356.0
434,6.1,66.0,19000000.0,97685686,3135.0,0,0,0,1,0,0,0,0,1,0,0,0,0,0,0,0,1,0,0,0,0,6.1,66.0,0,1,0,1,1,0,0,0,0,0,0,0,0,0,0,3135.0
435,5.9,32.0,40000000.0,91221830,3192.0,0,1,0,0,0,0,0,1,0,1,0,0,0,0,0,0,0,0,0,0,0,6.050000000000001,36.5,1,0,0,0,1,0,0,0,0,0,0,0,1,0,0,3192.0
437,6.2,42.0,50000000.0,150357137,3483.0,0,0,0,0,1,0,0,1,0,0,0,0,0,0,0,0,0,0,0,0,1,6.26,40.0,0,0,0,0,1,0,0,0,0,0,0,0,0,0,0,3483.0
438,6.0,40.0,135000000.0,82051601,4071.0,0,0,0,0,1,0,0,1,0,0,0,0,0,0,1,0,0,0,0,0,0,6.0,40.0,1,1,0,0,1,0,0,0,0,0,0,0,0,0,0,4071.0
439,6.0,55.0,10000000.0,79213375,2821.0,0,1,0,0,0,0,0,0,1,0,0,0,0,0,0,1,0,0,0,0,0,6.033333333333334,48.666666666666664,1,0,1,0,0,0,0,0,0,0,0,1,0,0,0,2821.0
440,6.2,34.0,170000000.0,77041381,3763.0,1,0,0,0,0,0,1,0,0,0,0,0,0,1,0,0,0,0,0,0,0,6.566666666666667,56.666666666666664,0,1,0,0,0,0,0,0,0,1,0,0,0,0,0,3763.0
441,6.5,48.0,45000000.0,75606182,3241.0,0,1,0,0,0,0,0,0,1,0,0,0,0,0,0,0,0,0,1,0,0,7.133333333333333,60.333333333333336,0,0,0,0,0,0,1,0,0,0,0,0,1,0,1,3241.0
443,7.2,76.0,15000000.0,72082998,3427.0,0,0,0,0,1,0,0,1,0,0,0,1,0,0,0,0,0,0,0,0,0,7.2,76.0,1,0,0,0,0,0,1,0,0,0,0,1,0,0,0,3427.0
444,6.3,58.0,4900000.0,67268835,2835.0,0,0,0,0,0,1,0,1,0,0,0,0,0,0,0,1,0,0,0,0,0,6.4,60.0,0,0,0,0,0,0,1,0,0,0,0,1,0,0,1,2835.0
447,5.7,34.0,105000000.0,64063008,3997.0,0,0,1,0,0,0,1,0,0,0,0,0,0,0,0,1,0,0,0,0,0,5.7,34.0,0,1,0,1,1,0,0,0,0,0,0,0,0,0,0,3997.0
448,5.4,40.0,29000000.0,63285885,3495.0,0,1,0,0,0,0,0,0,1,0,0,0,1,0,0,0,0,0,0,0,0,5.3,41.666666666666664,0,0,0,0,1,0,0,0,0,0,0,0,0,0,0,3495.0
452,6.0,37.0,18000000.0,59689605,3179.0,0,1,0,0,0,0,0,1,0,0,0,1,0,0,0,0,0,0,0,0,0,6.0,37.0,0,0,0,0,1,0,0,0,1,0,0,0,0,0,0,3179.0
453,7.4,51.0,20000000.0,56245075,2762.0,0,0,0,0,0,1,0,1,0,0,0,0,0,0,1,0,0,0,0,0,0,7.4,51.0,0,0,0,0,0,0,1,0,1,0,0,0,0,0,0,2762.0
454,6.4,66.0,140000000.0,55483770,3392.0,1,0,0,0,0,0,1,0,0,0,0,0,0,0,0,1,0,0,0,0,0,7.540000000000001,78.9,0,1,0,0,0,0,0,0,0,1,0,0,0,0,0,3392.0
455,5.7,58.0,35000000.0,55455765,3416.0,0,1,0,0,0,0,0,0,1,0,0,0,0,1,0,0,0,0,0,0,0,6.279999999999999,61.8,0,0,0,0,1,0,0,0,0,0,0,0,0,0,0,3416.0
456,6.3,59.0,17000000.0,55124043,2962.0,0,0,0,1,0,0,0,1,0,0,0,0,0,0,1,0,0,0,0,0,0,6.6499999999999995,57.5,0,0,0,0,0,1,1,0,0,0,0,1,0,0,0,2962.0
457,5.9,67.0,20000000.0,54030051,2676.0,0,0,0,0,0,1,0,1,0,0,0,0,1,0,0,0,0,0,0,0,0,6.1000000000000005,60.0,0,0,0,0,1,0,1,0,0,0,0,0,0,0,0,2676.0
458,7.3,48.0,50000000.0,52853219,2917.0,0,0,0,0,1,0,0,0,1,1,0,0,0,0,0,0,0,0,0,0,0,6.125,38.0,1,0,0,0,0,0,1,0,0,0,0,0,0,0,0,2917.0
459,6.1,35.0,115000000.0,48390190,3802.0,0,1,0,0,0,0,0,1,0,0,0,0,1,0,0,0,0,0,0,0,0,6.1,35.0,1,1,0,0,0,0,1,0,0,0,0,0,0,0,0,3802.0
461,6.8,32.0,160000000.0,47365290,3406.0,0,1,0,0,0,0,0,1,0,0,0,0,0,0,1,0,0,0,0,0,0,6.8,32.0,1,1,0,0,0,0,0,0,0,1,0,0,0,0,0,3406.0
462,6.1,51.0,38000000.0,46843513,3357.0,0,0,0,0,0,1,0,0,1,0,1,0,0,0,0,0,0,0,0,0,0,6.1,51.0,0,0,0,0,1,0,1,0,1,0,0,0,0,0,0,3357.0
463,7.8,81.0,28000000.0,70259870,2529.0,0,0,0,0,1,0,0,0,1,0,0,0,0,0,0,0,0,0,0,0,1,6.8999999999999995,68.66666666666667,0,0,0,0,1,0,1,0,0,0,1,0,0,0,0,2529.0
464,6.0,51.0,33000000.0,46009673,3008.0,0,0,1,0,0,0,0,0,1,0,0,0,0,0,0,1,0,0,0,0,0,6.0,51.0,0,0,0,0,1,0,0,0,1,0,0,0,0,0,0,3008.0
465,7.1,57.0,40000000.0,43034523,3258.0,0,0,0,0,0,1,0,0,1,0,0,0,0,0,0,0,1,0,0,0,0,6.449999999999999,45.5,0,0,0,0,1,0,0,0,0,0,1,0,1,0,0,3258.0
469,6.0,58.0,30000000.0,87044645,2978.0,0,1,0,0,0,0,0,0,1,0,0,0,0,0,0,0,0,0,0,0,1,6.6,62.0,0,0,0,0,1,0,0,0,0,0,0,0,0,0,0,2978.0
470,6.3,51.0,20000000.0,36880033,2915.0,0,0,0,1,0,0,0,1,0,0,1,0,0,0,0,0,0,0,0,0,0,6.3,51.0,1,0,0,0,0,0,1,0,0,0,0,0,0,0,0,2915.0
471,7.4,70.0,50000000.0,36261763,2865.0,0,0,0,0,0,1,0,0,1,0,0,0,0,1,0,0,0,0,0,0,0,6.35,59.0,1,0,0,0,1,0,0,0,0,0,0,0,1,0,0,2865.0
474,6.1,65.0,9000000.0,35144505,3168.0,0,1,0,0,0,0,0,1,0,0,0,0,0,0,0,0,0,0,1,0,0,6.1,65.0,0,0,0,0,0,0,1,0,0,0,0,1,0,0,1,3168.0
475,5.2,33.0,38000000.0,34916787,2908.0,0,0,0,1,0,0,0,1,0,1,0,0,0,0,0,0,0,0,0,0,0,5.2,33.0,1,1,1,0,0,0,0,0,0,0,0,0,0,0,0,2908.0
478,6.3,72.0,22000000.0,30498085,2248.0,0,1,0,0,0,0,0,1,0,0,1,0,0,0,0,0,0,0,0,0,0,6.949999999999999,76.0,0,0,0,0,1,0,1,1,0,0,0,0,0,0,0,2248.0
479,5.0,33.0,90000000.0,85886987,3705.0,0,0,1,0,0,0,1,0,0,0,0,0,0,0,0,0,0,0,0,0,1,5.2,26.0,0,1,0,1,1,0,0,0,0,0,0,0,0,0,0,3705.0
481,4.7,34.0,50000000.0,28848693,3418.0,0,0,0,0,1,0,0,1,0,0,1,0,0,0,0,0,0,0,0,0,0,6.0,44.0,1,1,0,0,1,0,0,0,0,0,0,0,0,0,0,3418.0
482,6.6,56.0,60000000.0,56451232,2924.0,0,0,1,0,0,0,0,1,0,0,0,0,0,0,0,0,0,0,0,0,1,7.2,75.0,0,0,0,0,0,0,1,0,0,0,1,0,0,0,0,2924.0
483,6.8,58.0,80000000.0,27569558,3143.0,1,0,0,0,0,0,0,1,0,1,0,0,0,0,0,0,0,0,0,0,0,6.9,57.0,1,0,0,0,0,0,1,0,0,0,0,0,0,0,0,3143.0
484,6.8,71.0,29000000.0,27383770,1528.0,0,0,0,0,1,0,0,1,0,0,0,0,0,0,0,0,1,0,0,0,0,6.8,71.0,0,0,0,0,1,0,1,0,0,0,1,0,0,0,0,1528.0
487,6.5,59.0,35000000.0,24252420,2930.0,0,1,0,0,0,0,0,0,1,0,0,0,0,0,0,0,0,1,0,0,0,6.5,59.0,0,0,0,0,1,0,1,0,1,0,0,0,0,0,0,2930.0
488,5.9,60.0,9900000.0,23591043,2567.0,0,1,0,0,0,0,0,0,1,0,0,0,0,0,0,0,0,0,1,0,0,5.9,60.0,0,0,0,0,1,0,0,0,0,0,0,0,0,0,0,2567.0
489,6.6,57.0,35000000.0,23083334,2413.0,0,0,0,0,1,0,0,0,1,0,0,1,0,0,0,0,0,0,0,0,0,6.866666666666667,60.333333333333336,0,0,0,0,1,0,1,0,0,0,1,0,0,0,0,2413.0
495,6.3,63.0,15000000.0,20591853,2681.0,0,0,0,0,0,1,0,0,1,0,0,0,1,0,0,0,0,0,0,0,0,6.3,63.0,1,0,0,0,1,0,0,0,0,0,0,0,1,0,0,2681.0
503,7.1,55.0,35000000.0,34585080,2841.0,0,0,0,1,0,0,0,1,0,0,0,0,0,0,0,0,0,0,0,0,1,7.1,55.0,0,0,0,0,0,0,1,0,0,0,1,0,0,1,0,2841.0
505,7.4,54.0,23000000.0,15789389,2044.0,0,0,1,0,0,0,0,1,0,0,1,0,0,0,0,0,0,0,0,0,0,7.4,54.0,0,0,0,0,1,0,1,0,0,0,1,0,0,0,0,2044.0
507,5.9,34.0,40000000.0,14904426,3022.0,0,0,1,0,0,0,0,1,0,0,0,0,0,0,0,0,0,0,1,0,0,6.45,45.5,1,0,0,0,1,0,0,0,0,0,0,0,0,0,0,3022.0
511,7.3,58.0,24000000.0,28782481,2910.0,0,0,0,0,0,1,0,0,1,0,0,0,0,0,0,0,0,0,0,0,1,7.35,76.5,1,0,0,0,0,1,0,0,0,0,0,0,1,0,0,2910.0
514,7.2,60.0,20000000.0,12545979,1500.0,1,0,0,0,0,0,0,1,0,0,0,0,0,0,0,0,0,1,0,0,0,7.2,60.0,0,0,0,0,0,0,1,0,1,0,0,0,0,0,0,1500.0
515,6.7,66.0,200000000.0,123087120,3749.0,1,0,0,0,0,0,1,0,0,0,0,0,0,0,0,0,0,0,0,1,0,6.7,66.0,0,1,0,1,1,0,0,0,0,0,0,0,0,0,0,3749.0
521,7.6,82.0,35000000.0,109767581,3502.0,0,0,0,0,0,1,0,1,0,0,0,0,0,0,0,0,0,0,0,1,0,7.449999999999999,85.0,0,0,0,0,0,0,1,0,0,0,0,0,0,1,0,3502.0
525,6.7,68.0,20000000.0,9639125,2313.0,0,1,0,0,0,0,0,0,1,0,0,0,0,0,1,0,0,0,0,0,0,6.2,52.0,0,0,0,0,1,0,0,1,0,0,0,0,0,0,0,2313.0
530,6.2,44.0,35000000.0,6874837,2235.0,0,0,0,1,0,0,0,0,1,0,0,1,0,0,0,0,0,0,0,0,0,6.0,41.5,1,1,0,0,1,0,0,0,0,0,0,0,0,0,0,2235.0
541,5.8,48.0,8000000.0,3915251,2020.0,0,0,1,0,0,0,0,0,1,0,0,0,0,0,0,0,0,1,0,0,0,5.8,48.0,1,0,1,0,0,0,0,0,0,0,0,1,0,0,0,2020.0
544,6.6,76.0,18000000.0,3712282,521.0,0,0,0,0,0,1,0,1,0,0,0,1,0,0,0,0,0,0,0,0,0,6.6,76.0,0,0,1,0,0,0,1,0,0,0,0,0,0,0,1,521.0
545,7.3,88.0,8000000.0,3759286,573.0,0,0,0,0,1,0,0,0,1,0,0,0,0,0,0,0,0,0,0,0,1,7.3,88.0,0,0,0,1,1,0,1,0,0,0,0,0,0,0,0,573.0
546,5.7,60.0,25000000.0,3652206,2386.0,0,0,1,0,0,0,0,1,0,0,0,0,0,0,0,0,0,0,0,1,0,5.7,60.0,0,0,0,0,1,0,1,0,1,0,0,0,0,0,0,2386.0
547,6.9,83.0,10000000.0,3400278,454.0,0,0,0,0,1,0,0,0,1,0,0,1,0,0,0,0,0,0,0,0,0,6.9,83.0,0,0,0,0,1,0,0,0,0,0,0,0,0,0,0,454.0
548,6.2,69.0,60720000.0,3232685,106.0,0,0,0,1,0,0,0,0,1,0,1,0,0,0,0,0,0,0,0,0,0,6.2,69.0,0,0,0,0,1,0,1,0,0,1,0,0,0,0,0,106.0
551,8.0,80.0,108000000.0,228433663,3854.0,0,0,1,0,0,0,0,1,0,0,0,0,0,0,0,0,0,0,1,0,0,6.540000000000001,61.8,0,1,1,0,0,0,1,0,0,0,0,0,0,0,0,3854.0
552,6.8,60.0,245000000.0,200074609,3929.0,0,0,0,1,0,0,0,1,0,0,0,0,0,0,0,0,0,0,0,1,0,7.25,70.5,1,1,0,0,0,1,0,0,0,0,0,0,0,0,0,3929.0
560,6.9,47.0,100000000.0,25020758,3103.0,0,0,0,0,0,1,0,1,0,0,0,0,0,0,0,0,0,0,0,0,1,6.68,54.2,1,1,0,0,0,0,0,0,0,0,1,0,0,0,0,3103.0
561,6.6,55.0,7200000.0,1868075,87.0,0,0,0,0,0,1,0,0,1,0,0,0,1,0,0,0,0,0,0,0,0,6.6,55.0,0,0,0,0,0,0,1,1,1,0,0,0,0,0,0,87.0
562,7.6,81.0,40000000.0,72313754,2873.0,1,0,0,0,0,0,0,1,0,0,0,0,0,0,0,0,0,0,1,0,0,7.540000000000001,78.9,0,0,0,0,0,1,1,0,0,0,0,0,0,0,0,2873.0
568,6.1,49.0,15000000.0,42725475,2919.0,0,1,0,0,0,0,0,1,0,0,0,0,0,0,0,0,0,0,0,0,1,6.1,49.0,0,0,0,0,1,0,1,0,0,1,0,0,0,0,0,2919.0
569,6.7,44.0,80000000.0,169700110,3768.0,0,0,0,1,0,0,1,0,0,0,0,0,0,0,0,0,0,1,0,0,0,6.7,48.333333333333336,0,0,0,1,1,0,0,0,0,0,0,0,0,0,0,3768.0
573,6.3,60.0,58000000.0,80080379,3618.0,0,0,0,1,0,0,1,0,0,0,0,0,0,0,0,0,0,0,1,0,0,5.6,46.5,0,1,0,0,1,0,0,0,0,0,0,0,0,0,0,3618.0
584,7.1,51.0,35000000.0,75764672,3320.0,0,0,0,0,0,1,0,1,0,0,0,0,0,0,0,0,0,1,0,0,0,6.8,54.0,0,0,0,0,1,0,1,0,0,0,0,0,0,0,0,3320.0
586,6.9,55.0,26000000.0,12227722,2452.0,0,0,0,0,0,1,0,1,0,0,0,0,0,0,0,0,0,0,0,1,0,6.9,55.0,0,0,0,0,0,0,1,0,0,0,1,0,0,0,0,2452.0
588,6.4,58.0,25000000.0,43047372,2960.0,0,0,0,1,0,0,0,0,1,0,0,0,0,0,0,0,0,0,0,1,0,5.45,51.5,0,0,0,0,1,0,0,0,0,1,0,0,0,0,0,2960.0
593,6.3,50.0,38000000.0,78578,37.0,0,0,0,1,0,0,0,1,0,0,0,0,0,0,0,0,1,0,0,0,0,6.3,50.0,0,0,0,0,1,0,1,0,1,0,0,0,0,0,0,37.0
594,6.3,43.0,61000000.0,81697192,3792.0,0,0,1,0,0,0,0,1,0,0,0,0,0,0,0,0,0,1,0,0,0,6.433333333333334,50.0,1,1,1,0,0,0,0,0,0,0,0,0,0,0,0,3792.0
605,5.7,36.0,150000000.0,35088320,3515.0,0,0,0,0,0,1,1,0,0,0,0,0,0,0,0,0,0,0,1,0,0,5.7,36.0,0,1,0,0,1,0,0,0,0,0,0,0,0,0,0,3515.0
609,6.9,55.0,30000000.0,1872994,107.0,0,1,0,0,0,0,0,0,1,0,0,0,0,0,0,0,0,0,0,1,0,7.2,58.5,0,0,0,0,0,0,1,0,0,0,1,0,1,0,0,107.0
616,7.0,59.0,150000000.0,652270625,4291.0,0,1,0,0,0,0,0,1,0,0,0,0,0,0,1,0,0,0,0,0,0,7.0,59.0,1,1,1,0,0,0,0,0,0,0,0,0,0,0,0,4291.0
617,7.3,66.0,250000000.0,459005868,4276.0,1,0,0,0,0,0,0,1,0,0,0,0,0,1,0,0,0,0,0,0,0,7.65,67.5,1,1,1,0,0,0,0,0,0,0,0,0,0,0,0,4276.0
618,8.1,94.0,175000000.0,356461711,4158.0,1,0,0,0,0,0,1,0,0,0,0,0,0,0,1,0,0,0,0,0,0,8.1,94.0,0,1,0,1,1,0,0,0,0,0,0,0,0,0,0,4158.0
619,7.1,67.0,190000000.0,353007020,4022.0,0,1,0,0,0,0,0,1,0,0,0,0,1,0,0,0,0,0,0,0,0,7.199999999999999,63.75,1,1,0,0,0,1,0,0,0,0,0,0,0,0,0,4022.0
620,7.3,72.0,58800000.0,350126372,3885.0,0,0,0,0,0,1,0,0,1,0,0,0,0,0,0,0,0,0,0,0,1,6.75,61.5,1,0,0,0,0,0,1,0,0,0,1,0,0,0,0,3885.0
621,6.4,56.0,74000000.0,336045770,4311.0,0,1,0,0,0,0,1,0,0,0,0,0,0,0,0,1,0,0,0,0,0,6.35,52.5,0,1,0,1,1,0,0,0,0,0,0,0,0,0,0,4311.0
622,6.9,67.0,95000000.0,201151353,3848.0,1,0,0,0,0,0,1,0,0,0,0,1,0,0,0,0,0,0,0,0,0,6.65,58.25,0,0,0,0,0,0,1,0,0,1,0,0,0,0,0,3848.0
623,7.4,75.0,150000000.0,195042377,3988.0,0,0,0,0,1,0,0,1,0,0,0,0,0,0,0,1,0,0,0,0,0,7.366666666666667,70.33333333333333,1,1,0,0,0,1,0,0,0,0,0,0,0,0,0,3988.0
624,6.4,63.0,29000000.0,183785415,3660.0,0,1,0,0,0,0,0,1,0,0,0,0,0,1,0,0,0,0,0,0,0,6.4,63.0,0,0,0,0,1,0,0,1,0,0,0,0,0,0,0,3660.0
625,7.3,64.0,130000000.0,180202163,3868.0,1,0,0,0,0,0,0,1,0,0,0,0,0,0,0,1,0,0,0,0,0,7.199999999999999,67.0,1,1,0,0,1,0,0,0,0,0,0,0,0,0,0,3868.0
626,6.6,55.0,135000000.0,177403957,3801.0,0,0,1,0,0,0,1,0,0,0,0,1,0,0,0,0,0,0,0,0,0,6.6,55.0,0,1,0,1,1,0,0,0,0,0,0,0,0,0,0,3801.0
627,4.1,46.0,40000000.0,166167230,3655.0,0,1,0,0,0,0,0,0,1,0,1,0,0,0,0,0,0,0,0,0,0,4.1,46.0,0,0,0,0,0,1,1,0,1,0,0,0,0,0,0,3655.0
628,6.0,62.0,74000000.0,162994032,3680.0,0,0,0,0,1,0,1,0,0,0,1,0,0,0,0,0,0,0,0,0,0,6.0,62.0,1,1,0,1,0,0,0,0,0,0,0,0,0,0,0,3680.0
629,7.8,72.0,28000000.0,161197785,3142.0,0,1,0,0,0,0,0,0,1,0,0,0,0,0,0,0,1,0,0,0,0,7.25,64.0,0,0,0,0,0,0,1,0,0,0,1,0,0,0,0,3142.0
630,6.0,43.0,110000000.0,155190832,3812.0,0,0,0,0,0,1,0,1,0,0,0,0,0,1,0,0,0,0,0,0,0,5.55,39.75,1,1,0,0,0,1,0,0,0,0,0,0,0,0,0,3812.0
631,8.1,90.0,150000000.0,153636354,3722.0,0,0,0,0,0,1,0,0,1,0,0,0,0,1,0,0,0,0,0,0,0,7.0,70.0,1,1,1,0,0,0,0,0,0,0,0,0,0,0,0,3722.0
633,7.7,60.0,81000000.0,128261724,3282.0,0,0,1,0,0,0,0,0,1,0,1,0,0,0,0,0,0,0,0,0,0,7.2,52.0,1,1,0,0,1,0,0,0,0,0,0,0,0,0,0,3282.0
634,7.0,75.0,65000000.0,110825712,3715.0,0,0,1,0,0,0,0,0,1,0,0,0,0,0,1,0,0,0,0,0,0,6.8,70.0,1,0,0,0,1,0,0,0,0,0,0,0,1,0,0,3715.0
635,6.2,75.0,35000000.0,110212700,3171.0,0,1,0,0,0,0,0,0,1,0,0,0,0,0,0,1,0,0,0,0,0,6.2,67.0,0,0,0,0,1,0,1,0,1,0,0,0,0,0,0,3171.0
636,6.4,60.0,190000000.0,93436322,3972.0,1,0,0,0,0,0,1,0,0,0,0,0,0,1,0,0,0,0,0,0,0,7.133333333333333,71.0,1,1,0,0,0,0,0,0,0,0,0,0,0,0,0,3972.0
637,6.0,34.0,40000000.0,90411453,3212.0,0,0,0,0,0,1,0,0,1,0,0,1,0,0,0,0,0,0,0,0,0,4.9,29.0,0,0,0,0,1,0,0,0,0,0,0,0,1,0,0,3212.0
638,6.3,38.0,155000000.0,89760956,3783.0,0,0,0,0,1,0,0,1,0,0,0,0,0,0,0,1,0,0,0,0,0,6.6,46.0,1,1,0,0,0,0,0,0,0,1,0,0,0,0,0,3783.0
639,6.0,26.0,48000000.0,89256424,3594.0,0,0,1,0,0,0,0,1,0,1,0,0,0,0,0,0,0,0,0,0,0,6.15,35.5,1,0,0,0,0,1,0,0,0,0,0,0,0,0,0,3594.0
640,6.3,48.0,68000000.0,81476385,3448.0,0,1,0,0,0,0,0,0,1,0,0,0,0,0,1,0,0,0,0,0,0,6.433333333333333,51.333333333333336,0,0,0,0,1,0,0,0,0,0,0,0,0,0,0,3448.0
641,5.5,27.0,88000000.0,78747585,3723.0,0,0,0,1,0,0,0,1,0,0,0,0,0,0,0,1,0,0,0,0,0,5.7,37.0,1,0,0,0,1,0,0,0,0,1,0,0,0,0,0,3723.0
644,4.4,13.0,30000000.0,71038190,3633.0,0,0,0,1,0,0,1,0,0,0,0,0,1,0,0,0,0,0,0,0,0,5.3999999999999995,25.666666666666668,1,0,0,0,1,0,0,0,0,0,0,0,1,0,0,3633.0
646,5.6,60.0,14800000.0,66013057,3376.0,0,0,0,0,0,1,0,0,1,0,0,0,0,0,0,1,0,0,0,0,0,5.6,60.0,0,0,0,0,1,0,1,1,0,0,0,0,0,0,0,3376.0
647,7.4,59.0,250000000.0,255119788,3875.0,0,0,0,0,0,1,0,1,0,0,0,0,0,0,0,0,0,0,0,0,1,8.233333333333334,76.0,0,1,0,0,0,0,0,0,0,1,0,0,0,0,0,3875.0
648,6.2,55.0,5000000.0,65206105,3148.0,0,1,0,0,0,0,0,1,0,0,0,0,0,0,0,0,0,1,0,0,0,5.575,42.5,0,0,0,0,0,1,0,0,0,0,0,1,0,0,1,3148.0
650,5.9,69.0,50000000.0,128002372,2833.0,1,0,0,0,0,0,1,0,0,0,0,0,0,0,0,0,0,0,0,0,1,6.400000000000001,60.0,0,1,0,0,1,0,1,0,0,0,0,0,0,0,0,2833.0
651,6.9,68.0,53000000.0,62575678,3188.0,0,0,0,0,0,1,0,0,1,0,0,0,0,0,0,0,0,1,0,0,0,6.9,68.0,0,0,0,0,0,0,1,0,0,0,1,0,1,0,0,3188.0
652,6.1,34.0,31000000.0,58884188,3430.0,0,0,0,0,0,1,0,0,1,0,0,0,0,0,0,1,0,0,0,0,0,6.5,50.0,0,1,0,0,1,0,0,0,0,0,0,0,0,0,0,3430.0
654,4.3,27.0,120000000.0,56117548,4004.0,0,0,1,0,0,0,0,1,0,0,0,0,0,0,0,0,1,0,0,0,0,5.65,48.0,1,1,1,0,0,0,0,0,0,0,0,0,0,0,0,4004.0
655,6.6,56.0,50100000.0,53862963,3323.0,0,0,0,0,0,1,0,0,1,0,1,0,0,0,0,0,0,0,0,0,0,6.866666666666667,60.333333333333336,0,0,0,0,1,0,1,0,0,0,0,0,1,0,0,3323.0
656,7.2,59.0,65000000.0,115637895,3301.0,0,1,0,0,0,0,0,1,0,0,0,0,0,0,0,0,0,0,0,0,1,6.25,51.5,1,0,0,0,0,0,1,0,0,0,1,0,0,0,0,3301.0
659,7.5,81.0,20000000.0,52076908,2235.0,0,0,0,0,1,0,0,1,0,0,0,0,0,0,0,0,0,0,0,0,1,5.85,67.0,0,0,0,0,0,0,1,0,0,0,1,0,0,0,0,2235.0
660,7.3,79.0,10700000.0,47425125,3242.0,0,0,1,0,0,0,1,0,0,0,0,0,0,1,0,0,0,0,0,0,0,7.3,79.0,0,0,0,0,0,1,0,0,0,0,0,1,0,0,0,3242.0
661,5.3,40.0,176000000.0,47387723,3181.0,0,0,0,0,0,1,0,1,0,0,1,0,0,0,0,0,0,0,0,0,0,5.3,40.0,1,1,1,0,0,0,0,0,0,0,0,0,0,0,0,3181.0
662,7.3,56.0,75000000.0,45445109,3673.0,0,0,0,0,0,1,0,1,0,0,0,0,0,0,0,0,1,0,0,0,0,7.275,50.5,1,1,0,0,1,0,0,0,0,0,0,0,0,0,0,3673.0
663,7.4,60.0,17000000.0,44482410,2792.0,1,0,0,0,0,0,1,0,0,0,1,0,0,0,0,0,0,0,0,0,0,7.4,60.0,0,0,0,0,0,0,1,0,0,0,1,0,0,1,0,2792.0
664,6.2,47.0,127000000.0,113746621,3914.0,0,0,1,0,0,0,1,0,0,0,0,0,0,0,0,0,0,0,0,0,1,6.5,49.0,0,1,0,0,1,0,0,0,0,0,0,0,0,0,0,3914.0
665,7.1,64.0,55000000.0,43482270,3009.0,0,1,0,0,0,0,0,1,0,0,0,0,0,0,0,0,0,1,0,0,0,6.766666666666667,56.666666666666664,1,1,0,0,0,0,0,0,0,0,1,0,0,0,0,3009.0
666,6.7,47.0,20000000.0,42656255,2870.0,0,0,0,0,0,1,1,0,0,0,0,0,0,0,1,0,0,0,0,0,0,6.7,47.0,0,1,0,0,0,0,1,0,0,0,0,0,0,0,0,2870.0
668,7.1,33.0,34000000.0,37446117,3371.0,0,0,1,0,0,0,0,1,0,0,0,0,1,0,0,0,0,0,0,0,0,7.25,57.0,0,0,0,0,0,0,1,0,1,0,0,0,0,0,0,3371.0
669,4.7,30.0,4000000.0,35423380,2615.0,0,1,0,0,0,0,0,0,1,1,0,0,0,0,0,0,0,0,0,0,0,4.7,30.0,0,0,0,0,0,1,0,0,0,0,0,1,0,0,0,2615.0
670,5.1,31.0,35000000.0,34580201,3037.0,0,0,0,0,0,1,0,1,0,0,0,0,0,1,0,0,0,0,0,0,0,5.4,40.5,1,0,0,0,1,0,0,0,0,0,0,0,1,0,0,3037.0
674,5.5,59.0,1000000.0,32482090,2775.0,0,1,0,0,0,0,0,0,1,0,0,0,1,0,0,0,0,0,0,0,0,5.5,59.0,0,0,0,0,0,1,0,0,0,0,0,1,0,0,1,2775.0
675,6.3,56.0,12000000.0,32000304,3031.0,0,0,1,0,0,0,0,1,0,0,0,0,0,0,0,1,0,0,0,0,0,6.3,56.0,0,0,0,0,1,0,1,0,0,0,0,0,0,0,1,3031.0
676,6.8,41.0,49000000.0,31569268,3201.0,0,0,0,1,0,0,0,0,1,0,0,1,0,0,0,0,0,0,0,0,0,6.8,41.0,1,0,0,0,0,0,1,0,0,0,0,0,1,0,0,3201.0
677,6.5,66.0,55000000.0,31090320,2991.0,0,1,0,0,0,0,0,0,1,0,0,0,0,0,0,0,0,0,1,0,0,6.7,65.5,0,0,0,0,0,1,0,0,0,0,0,1,0,0,0,2991.0
679,6.6,39.0,50000000.0,85911262,3197.0,0,0,0,1,0,0,1,0,0,0,0,0,0,0,0,0,0,0,0,0,1,6.6,39.0,0,0,0,0,1,0,1,0,0,0,0,0,0,0,0,3197.0
684,6.6,59.0,50000000.0,26461644,3171.0,0,0,0,0,0,1,0,0,1,0,0,1,0,0,0,0,0,0,0,0,0,6.6499999999999995,57.5,1,0,0,0,0,0,1,0,0,0,0,0,1,0,0,3171.0
688,4.2,30.0,100000.0,22764410,2720.0,0,0,0,0,0,1,0,0,1,0,0,0,0,0,0,1,0,0,0,0,0,4.2,30.0,0,0,0,0,0,1,0,0,0,0,0,1,0,0,1,2720.0
689,5.7,28.0,35000000.0,22467450,3273.0,0,0,1,0,0,0,0,0,1,0,0,0,0,0,0,0,1,0,0,0,0,5.7,28.0,1,0,0,0,0,1,0,0,0,0,0,0,1,0,0,3273.0
690,6.4,47.0,12000000.0,22348241,2900.0,0,0,0,0,1,0,0,1,0,1,0,0,0,0,0,0,0,0,0,0,0,6.4,47.0,0,0,1,0,0,0,1,0,0,0,0,0,0,0,1,2900.0
692,5.4,40.0,37000000.0,21067116,2815.0,0,0,0,1,0,0,0,1,0,0,0,0,0,1,0,0,0,0,0,0,0,6.25,49.0,0,0,0,0,1,0,1,0,1,0,0,0,0,0,0,2815.0
695,4.6,30.0,10000000.0,18300124,1656.0,0,0,0,0,1,0,0,0,1,0,0,0,0,0,0,0,0,0,1,0,0,4.6,30.0,0,0,0,0,0,0,0,0,0,0,0,1,0,0,1,1656.0
698,7.8,74.0,165000000.0,222527828,3773.0,1,0,0,0,0,0,1,0,0,0,0,0,0,0,0,0,0,0,0,1,0,7.8,74.0,1,1,0,1,0,0,0,0,0,0,0,0,0,0,0,3773.0
699,7.2,82.0,30000000.0,17766658,2493.0,0,1,0,0,0,0,0,0,1,0,0,0,0,0,0,0,0,0,1,0,0,7.2,82.0,0,0,0,0,0,0,1,0,0,0,1,0,0,0,0,2493.0
702,5.5,30.0,95000000.0,17223265,2875.0,0,1,0,0,0,0,0,1,0,0,1,0,0,0,0,0,0,0,0,0,0,5.5,30.0,1,1,0,0,0,0,0,0,0,1,0,0,0,0,0,2875.0
704,6.0,55.0,25000000.0,33680992,2494.0,0,0,0,0,1,0,0,0,1,0,0,0,0,0,0,0,0,0,0,0,1,6.8,61.5,0,0,0,0,0,1,1,0,0,0,0,0,1,0,0,2494.0
710,5.1,29.0,14000000.0,12314651,2901.0,0,0,0,0,1,0,0,0,1,0,1,0,0,0,0,0,0,0,0,0,0,5.1,29.0,0,0,1,0,1,0,0,0,0,0,0,0,0,0,1,2901.0
713,5.4,32.0,35000000.0,10219501,2777.0,0,0,1,0,0,0,0,0,1,0,0,1,0,0,0,0,0,0,0,0,0,5.9,38.0,0,0,0,0,1,0,1,0,0,0,0,0,0,0,0,2777.0
715,6.7,53.0,132000000.0,83850911,3775.0,0,0,1,0,0,0,1,0,0,0,0,0,0,0,0,0,0,0,0,1,0,6.7,53.0,0,1,0,1,1,0,0,0,0,0,0,0,0,0,0,3775.0
716,6.0,52.0,140000000.0,65014513,3503.0,0,0,1,0,0,0,0,1,0,0,0,0,0,0,0,0,0,0,0,0,1,6.540000000000001,61.8,1,0,0,0,0,0,1,0,0,1,0,0,0,0,0,3503.0
717,8.6,74.0,165000000.0,188020017,3561.0,0,0,0,0,1,0,0,1,0,0,0,0,0,0,0,0,0,0,0,1,0,8.425,80.0,0,1,1,0,0,0,1,0,0,0,0,0,0,0,0,3561.0
719,5.4,51.0,70000000.0,8005980,2568.0,0,1,0,0,0,0,0,0,1,1,0,0,0,0,0,0,0,0,0,0,0,5.4,51.0,1,0,0,0,0,1,0,0,0,0,0,0,1,0,0,2568.0
724,6.1,53.0,28000000.0,7002261,2202.0,0,0,0,0,0,1,0,0,1,0,0,0,0,0,0,0,0,0,1,0,0,5.766666666666667,41.0,0,0,0,0,1,0,1,0,0,0,0,0,0,0,0,2202.0
725,6.7,81.0,20000000.0,8110975,653.0,0,0,0,0,0,1,0,0,1,0,0,0,0,0,0,0,0,0,0,0,1,6.7,81.0,0,0,0,0,1,0,1,0,0,0,0,0,1,0,0,653.0
729,6.0,36.0,65000000.0,5775076,2797.0,0,0,1,0,0,0,0,1,0,0,0,0,0,0,0,0,0,0,0,1,0,6.0,36.0,0,0,1,0,0,0,1,0,0,0,0,1,0,0,0,2797.0
734,6.4,81.0,12000000.0,25017471,1426.0,0,0,0,0,1,0,0,0,1,0,0,0,0,0,0,0,0,0,0,0,1,6.4,81.0,0,0,0,0,1,0,0,0,1,0,0,0,0,0,0,1426.0
735,7.0,50.0,22500000.0,4196641,385.0,0,0,0,0,0,1,0,0,1,0,0,0,1,0,0,0,0,0,0,0,0,7.0,50.0,0,0,0,0,0,0,1,0,0,0,0,0,0,0,0,385.0
737,6.3,32.0,15000000.0,3703046,1509.0,0,0,0,0,1,0,0,0,1,0,0,0,0,0,0,0,0,0,1,0,0,5.966666666666666,44.0,1,0,0,0,1,0,0,0,0,0,0,1,0,0,0,1509.0
738,6.2,46.0,2000000.0,3591417,2333.0,0,0,0,0,0,1,0,0,1,0,0,0,0,0,0,0,1,0,0,0,0,6.2,46.0,0,0,0,0,0,0,1,1,1,0,0,0,0,0,0,2333.0
741,6.3,40.0,42000000.0,54445357,3400.0,0,0,0,0,0,1,0,0,1,0,0,0,0,0,0,0,0,0,0,1,0,6.26,40.0,0,0,0,0,1,0,0,0,0,0,0,0,1,0,0,3400.0
742,5.4,36.0,2000000.0,2583301,807.0,0,0,0,0,1,0,0,1,0,0,0,0,0,0,0,0,0,1,0,0,0,5.4,36.0,1,0,0,0,0,0,1,0,0,0,0,0,1,0,0,807.0
743,6.5,52.0,44000000.0,6105175,581.0,0,0,0,1,0,0,0,0,1,0,0,0,0,0,0,0,0,0,0,0,1,6.55,59.5,1,1,0,0,1,0,0,0,0,0,0,0,0,0,0,581.0
746,4.2,42.0,5000000.0,2184640,2417.0,0,1,0,0,0,0,1,0,0,0,0,0,0,0,0,0,0,0,1,0,0,5.775,50.5,0,1,0,0,0,0,1,0,0,0,0,0,0,0,0,2417.0
750,8.1,79.0,61000000.0,167767189,3284.0,0,0,1,0,0,0,0,0,1,0,0,0,0,0,0,0,0,0,1,0,0,7.866666666666666,81.66666666666667,0,0,0,0,0,1,1,0,0,0,0,0,0,0,1,3284.0
754,6.2,54.0,28000000.0,66954149,3117.0,1,0,0,0,0,0,1,0,0,0,0,0,0,0,0,0,0,0,1,0,0,6.2,54.0,0,0,0,0,1,0,0,0,0,0,0,0,0,0,0,3117.0
755,5.6,36.0,40000000.0,86208010,3188.0,0,1,0,0,0,0,0,1,0,0,0,0,0,0,0,0,0,0,0,1,0,5.5,45.666666666666664,0,0,0,0,1,0,0,0,0,0,0,0,0,0,0,3188.0
761,7.3,67.0,50000000.0,50151543,3113.0,0,0,1,0,0,0,1,0,0,0,0,0,0,0,0,0,0,0,1,0,0,7.3,67.0,0,1,0,1,1,0,0,0,0,0,0,0,0,0,0,3113.0
764,7.6,64.0,68000000.0,85817906,3313.0,0,0,0,1,0,0,0,0,1,0,0,0,0,0,0,0,0,0,1,0,0,6.8,52.0,1,0,0,0,0,0,1,0,0,0,0,0,0,0,0,3313.0
767,5.3,44.0,10000000.0,538460,142.0,0,1,0,0,0,0,0,0,1,0,0,0,0,0,0,0,0,0,0,1,0,6.25,51.5,0,0,0,0,0,0,1,0,1,0,0,0,0,0,0,142.0
772,6.8,57.0,34000000.0,102427862,3638.0,0,0,1,0,0,0,0,1,0,0,0,0,0,0,0,0,0,1,0,0,0,6.433333333333334,50.0,1,0,1,0,0,0,0,0,0,0,0,0,0,0,1,3638.0
773,8.0,76.0,170000000.0,333176598,4088.0,1,0,0,0,0,0,0,1,0,0,0,0,0,0,0,0,1,0,0,0,0,7.8,71.5,1,1,0,0,1,0,0,0,0,0,0,0,0,0,0,4088.0
778,7.2,57.0,55000000.0,101129268,3236.0,0,0,0,1,0,0,0,0,1,0,0,0,0,0,0,0,0,1,0,0,0,6.933333333333334,53.666666666666664,1,0,0,0,0,1,0,0,0,0,0,0,1,0,0,3236.0
796,4.6,24.0,6500000.0,2756333,685.0,0,0,1,0,0,0,0,0,1,0,0,0,0,0,0,0,0,0,0,0,1,4.6,24.0,0,0,0,0,0,1,0,0,0,0,0,1,0,0,1,685.0
802,5.7,42.0,2000000.0,45431,3.0,0,0,0,0,0,1,0,0,1,0,0,0,1,0,0,0,0,0,0,0,0,5.7,42.0,0,0,0,0,0,0,1,0,0,1,0,0,0,0,1,3.0
806,7.4,65.0,20000000.0,2722209,461.0,0,0,0,0,0,1,0,1,0,0,0,0,0,0,0,0,0,0,1,0,0,7.4,65.0,0,0,0,0,0,0,1,0,0,0,1,0,0,0,0,461.0
809,6.7,58.0,38000000.0,10949,5.0,0,0,0,1,0,0,0,1,0,0,0,0,0,0,0,0,0,1,0,0,0,6.7,58.0,0,1,0,0,0,0,1,0,0,0,0,0,0,0,0,5.0
818,7.7,70.0,170000000.0,259766572,3938.0,1,0,0,0,0,0,0,1,0,0,0,0,1,0,0,0,0,0,0,0,0,7.966666666666666,71.0,1,1,1,0,0,0,0,0,0,0,0,0,0,0,0,3938.0
819,7.7,83.0,60000000.0,257760692,3890.0,0,0,0,0,0,1,1,0,0,0,1,0,0,0,0,0,0,0,0,0,0,7.7,83.0,1,1,0,1,0,0,0,0,0,0,0,0,0,0,0,3890.0
820,5.6,32.0,210000000.0,245439076,4233.0,0,0,0,0,1,0,0,1,0,0,0,0,0,0,1,0,0,0,0,0,0,6.125,38.0,1,1,1,0,0,0,0,0,0,0,0,0,0,0,0,4233.0
821,7.0,56.0,180000000.0,241410378,3948.0,1,0,0,0,0,0,1,0,0,0,0,0,0,1,0,0,0,0,0,0,0,7.0,56.0,1,1,0,0,0,0,0,0,0,0,0,0,0,0,0,3948.0
822,7.9,75.0,200000000.0,233921534,4001.0,0,0,1,0,0,0,0,1,0,0,0,0,0,1,0,0,0,0,0,0,0,7.25,56.75,1,1,1,0,0,0,0,0,0,0,0,0,0,0,0,4001.0
823,7.6,79.0,170000000.0,208545589,3969.0,0,0,1,0,0,0,0,1,0,0,0,0,0,0,0,1,0,0,0,0,0,7.5,80.5,1,1,0,0,0,0,1,0,0,0,0,0,0,0,0,3969.0
824,6.6,53.0,200000000.0,202853933,4324.0,0,0,0,1,0,0,0,1,0,0,0,0,0,1,0,0,0,0,0,0,0,6.75,59.5,1,1,1,0,0,0,0,0,0,0,0,0,0,0,0,4324.0
825,6.4,62.0,160000000.0,200826260,3952.0,0,0,0,0,0,1,0,1,0,0,0,0,0,1,0,0,0,0,0,0,0,7.1,63.5,1,1,1,0,0,0,0,0,0,0,0,0,0,0,0,3952.0
826,7.0,71.0,50000000.0,191719337,3426.0,0,0,0,1,0,0,0,0,1,0,0,0,0,0,1,0,0,0,0,0,0,7.033333333333334,68.66666666666667,1,0,0,0,1,0,0,0,0,0,0,0,1,0,0,3426.0
827,5.8,31.0,125000000.0,191204754,3980.0,0,0,0,0,1,0,0,1,0,0,0,0,0,0,0,0,1,0,0,0,0,5.733333333333333,35.0,1,1,0,0,1,0,0,0,0,0,0,0,0,0,0,3980.0
828,7.8,76.0,145000000.0,177002924,4268.0,0,0,1,0,0,0,1,0,0,0,0,0,0,0,1,0,0,0,0,0,0,7.8,76.0,1,1,0,1,0,0,0,0,0,0,0,0,0,0,0,4268.0
830,6.3,68.0,18000000.0,150157400,3311.0,0,1,0,0,0,0,0,0,1,0,0,0,0,1,0,0,0,0,0,0,0,6.279999999999999,61.8,0,0,0,0,1,0,0,0,0,0,0,0,0,0,0,3311.0
831,7.4,75.0,150000000.0,400984185,3742.0,1,0,0,0,0,0,1,0,0,0,0,0,0,0,0,0,0,0,0,1,0,7.4,75.0,0,1,0,1,1,0,0,0,0,0,0,0,0,0,0,3742.0
832,6.2,41.0,25000000.0,134938200,2867.0,0,1,0,0,0,0,0,1,0,1,0,0,0,0,0,0,0,0,0,0,0,6.050000000000001,36.5,1,0,0,0,1,0,0,0,0,0,0,0,1,0,0,2867.0
833,6.4,61.0,40000000.0,126663600,3202.0,0,1,0,0,0,0,0,0,1,0,0,0,0,0,0,1,0,0,0,0,0,6.4,61.0,1,0,1,0,0,1,0,0,0,0,0,0,0,0,0,3202.0
834,7.5,60.0,40000000.0,125095601,3285.0,0,1,0,0,0,0,0,0,1,0,0,0,0,0,0,0,0,0,0,0,1,6.65,50.5,1,0,0,0,0,0,1,0,0,0,1,0,0,0,0,3285.0
835,7.7,69.0,12000000.0,124872350,3340.0,0,0,1,0,0,0,0,1,0,0,0,0,0,0,1,0,0,0,0,0,0,7.7,69.0,0,0,0,0,0,0,1,0,1,0,0,0,0,0,0,3340.0
836,6.8,59.0,145000000.0,111506430,3951.0,0,0,1,0,0,0,1,0,0,0,0,1,0,0,0,0,0,0,0,0,0,6.8,59.0,0,1,0,1,1,0,0,0,0,0,0,0,0,0,0,3951.0
837,6.2,48.0,110000000.0,106580051,3490.0,0,0,0,0,0,1,0,0,1,0,0,1,0,0,0,0,0,0,0,0,0,6.2,48.0,1,0,0,0,0,0,1,0,0,0,0,0,0,0,0,3490.0
838,5.7,68.0,125000000.0,101200044,3571.0,0,0,0,0,1,0,0,1,0,0,0,1,0,0,0,0,0,0,0,0,0,6.15,71.5,1,1,0,0,0,0,1,0,0,0,0,0,0,0,0,3571.0
839,7.9,71.0,178000000.0,100206256,3505.0,0,0,0,0,0,1,0,1,0,0,0,0,0,0,1,0,0,0,0,0,0,7.550000000000001,68.0,1,1,1,0,0,0,0,0,0,0,0,0,0,0,0,3505.0
840,6.9,56.0,50000000.0,92168600,3183.0,0,1,0,0,0,0,0,1,0,0,1,0,0,0,0,0,0,0,0,0,0,6.6499999999999995,57.5,1,0,0,0,0,1,0,0,0,0,0,0,0,0,1,3183.0
842,4.9,39.0,20000000.0,84525432,3465.0,0,0,0,0,0,1,0,0,1,0,0,0,0,0,0,1,0,0,0,0,0,5.3,41.666666666666664,0,0,0,0,1,0,0,0,1,0,0,0,0,0,0,3465.0
843,5.4,37.0,6500000.0,84273813,3215.0,0,0,0,0,0,1,0,0,1,0,0,0,0,0,0,0,0,0,1,0,0,5.4,37.0,0,0,0,0,0,1,0,0,0,0,0,1,0,0,1,3215.0
844,6.0,39.0,40000000.0,83933790,3306.0,0,0,1,0,0,0,0,1,0,0,0,0,1,0,0,0,0,0,0,0,0,6.0,39.0,0,0,0,0,1,0,0,0,1,0,0,0,0,0,0,3306.0
845,7.2,90.0,40000000.0,150117807,2629.0,0,0,0,1,0,0,0,0,1,0,0,0,0,0,0,0,0,0,0,0,1,7.2,75.0,0,0,0,0,0,0,1,0,0,0,0,0,1,0,0,2629.0
846,6.4,30.0,17000000.0,82390774,3140.0,0,0,1,0,0,0,0,0,1,0,0,0,0,0,0,0,1,0,0,0,0,6.15,33.0,1,0,0,0,1,0,0,0,0,0,0,0,1,0,0,3140.0
847,6.1,52.0,70000000.0,78031620,3083.0,0,0,0,1,0,0,0,1,0,0,1,0,0,0,0,0,0,0,0,0,0,6.3,53.666666666666664,0,0,0,0,1,0,1,0,0,0,0,0,0,0,0,3083.0
848,8.2,75.0,100000000.0,116900694,2557.0,0,0,0,0,1,0,0,0,1,0,0,0,0,0,0,0,0,0,0,0,1,7.7749999999999995,75.0,0,0,0,0,0,0,1,0,0,0,1,0,1,0,0,2557.0
849,6.4,50.0,9000000.0,71962800,2856.0,0,1,0,0,0,0,0,0,1,0,0,0,0,0,0,1,0,0,0,0,0,6.033333333333334,48.666666666666664,1,1,0,0,0,0,0,0,0,0,0,1,0,0,0,2856.0
853,5.7,37.0,22000000.0,59700064,3271.0,0,0,1,0,0,0,0,1,0,0,1,0,0,0,0,0,0,0,0,0,0,5.7,37.0,0,0,0,0,0,0,1,0,0,0,1,0,0,0,0,3271.0
854,6.0,48.0,50000000.0,59165787,3839.0,1,0,0,0,0,0,1,0,0,0,0,0,0,0,0,1,0,0,0,0,0,6.0,48.0,0,1,0,1,1,0,0,0,0,0,0,0,0,0,0,3839.0
855,7.5,67.0,13000000.0,58607007,3372.0,0,0,0,1,0,0,0,0,1,0,1,0,0,0,0,0,0,0,0,0,0,7.5,62.0,1,0,1,0,0,0,0,0,0,0,0,0,1,0,0,3372.0
856,7.8,66.0,225000000.0,258366855,3928.0,0,0,0,0,0,1,0,1,0,0,0,0,0,0,0,0,0,0,0,0,1,8.233333333333334,76.0,0,1,0,0,0,0,0,0,0,1,0,0,0,0,0,3928.0
857,6.3,40.0,70000000.0,55991880,2900.0,0,1,0,0,0,0,0,1,0,0,0,0,0,0,0,0,0,0,1,0,0,6.3,40.0,1,0,0,0,0,0,1,0,0,1,0,0,0,0,0,2900.0
858,7.3,55.0,22000000.0,54240821,2167.0,1,0,0,0,0,0,1,0,0,0,0,0,0,0,0,0,1,0,0,0,0,6.666666666666667,45.666666666666664,0,0,0,0,1,0,1,0,0,0,0,0,0,0,0,2167.0
860,6.4,61.0,50000000.0,51183113,3194.0,1,0,0,0,0,0,1,0,0,0,0,1,0,0,0,0,0,0,0,0,0,6.566666666666667,56.666666666666664,0,1,0,0,1,0,0,0,0,0,0,0,1,0,0,3194.0
861,4.5,38.0,5000000.0,50856010,2899.0,0,1,0,0,0,0,0,1,0,0,0,0,0,0,0,0,0,0,1,0,0,4.5,38.0,0,0,0,0,0,1,0,0,0,0,0,1,0,0,1,2899.0
862,6.2,57.0,60000000.0,50577412,3387.0,0,0,0,0,1,0,0,1,0,1,0,0,0,0,0,0,0,0,0,0,0,6.65,58.25,1,0,0,0,0,1,1,0,0,0,0,0,0,0,0,3387.0
863,6.7,46.0,11000000.0,50474843,3157.0,0,0,0,0,0,1,0,1,0,0,0,0,0,0,0,0,1,0,0,0,0,6.7,46.0,0,0,0,0,0,0,1,1,0,1,0,0,0,0,0,3157.0
865,5.8,44.0,50000000.0,47602194,3434.0,0,0,0,0,0,1,0,1,0,0,0,0,0,0,0,0,1,0,0,0,0,5.8,47.0,1,1,0,0,0,0,1,0,0,0,0,0,0,0,0,3434.0
866,6.8,54.0,40000000.0,47047013,2905.0,0,0,0,0,0,1,0,0,1,0,0,0,0,0,1,0,0,0,0,0,0,6.75,61.5,0,0,0,0,0,0,1,1,0,0,1,0,0,0,0,2905.0
867,6.5,31.0,40000000.0,46294610,3555.0,0,0,0,0,0,1,0,1,0,0,0,0,0,1,0,0,0,0,0,0,0,6.033333333333334,33.666666666666664,0,0,0,0,1,0,0,0,1,0,0,0,0,0,0,3555.0
869,6.4,39.0,66000000.0,43577636,3115.0,1,0,0,0,0,0,0,1,0,0,0,1,0,0,0,0,0,0,0,0,0,6.4,39.0,1,0,0,0,0,1,0,0,0,0,0,0,1,0,0,3115.0
870,6.1,44.0,40000000.0,43139300,3160.0,0,1,0,0,0,0,0,0,1,0,0,0,0,1,0,0,0,0,0,0,0,6.433333333333333,51.333333333333336,0,0,0,0,1,0,0,0,0,0,0,0,0,0,0,3160.0
871,6.4,58.0,36000000.0,42024533,3656.0,0,0,0,0,0,1,1,0,0,0,0,0,0,0,0,0,0,1,0,0,0,6.65,61.0,0,0,0,0,0,0,1,0,0,0,0,0,0,0,0,3656.0
873,7.5,65.0,35000000.0,83301580,2671.0,1,0,0,0,0,0,0,1,0,0,0,0,0,0,0,0,0,0,0,0,1,7.55,59.0,0,0,0,0,1,0,1,0,0,0,1,0,0,0,0,2671.0
875,5.1,36.0,40000000.0,38543473,3062.0,0,0,0,1,0,0,0,0,1,0,0,0,0,0,0,1,0,0,0,0,0,5.866666666666667,47.0,0,0,0,0,1,0,0,0,1,0,0,0,0,0,0,3062.0
877,7.0,56.0,25000000.0,36457627,3019.0,1,0,0,0,0,0,1,0,0,0,0,0,0,1,0,0,0,0,0,0,0,6.9,57.0,0,0,0,0,0,0,1,0,0,0,1,0,0,1,0,3019.0
878,6.3,61.0,50000000.0,127352707,3507.0,0,0,0,0,1,0,0,1,0,0,0,0,0,0,0,0,0,0,0,0,1,6.8999999999999995,68.66666666666667,0,0,0,0,1,0,0,0,0,0,0,0,0,0,0,3507.0
879,6.6,44.0,19800000.0,34296320,2868.0,0,0,0,0,0,1,0,0,1,0,0,0,0,0,0,0,0,1,0,0,0,6.5,49.0,0,0,0,0,1,0,1,0,0,0,0,0,0,0,0,2868.0
880,5.0,42.0,5000000.0,32462372,2883.0,0,0,0,0,1,0,0,0,1,1,0,0,0,0,0,0,0,0,0,0,0,5.966666666666666,44.0,0,0,0,0,0,0,0,0,0,0,0,1,0,0,1,2883.0
882,6.9,71.0,30000000.0,30703100,2469.0,0,1,0,0,0,0,0,1,0,0,0,0,0,0,0,0,1,0,0,0,0,7.133333333333333,60.333333333333336,0,0,0,0,0,0,1,1,0,0,1,0,0,0,0,2469.0
888,7.3,54.0,90000000.0,58236838,2922.0,0,0,1,0,0,0,1,0,0,0,0,0,0,0,0,0,0,0,0,0,1,6.0,44.0,0,0,0,0,1,0,1,0,0,1,0,0,0,0,0,2922.0
889,6.5,57.0,28000000.0,26307600,2714.0,0,1,0,0,0,0,0,0,1,0,0,0,0,0,0,0,0,1,0,0,0,6.5,57.0,1,0,0,0,0,0,1,0,0,0,0,0,1,0,0,2714.0
892,8.0,90.0,23000000.0,25618251,1729.0,0,0,0,0,0,1,0,0,1,0,0,0,0,0,0,0,0,0,0,0,1,7.35,80.5,0,0,1,0,0,0,1,0,1,0,0,0,0,0,0,1729.0
894,6.3,42.0,100000000.0,23022309,3455.0,0,0,0,0,0,1,0,1,0,0,0,0,1,0,0,0,0,0,0,0,0,6.3,42.0,1,0,1,0,0,0,1,0,0,0,0,0,0,0,0,3455.0
895,6.2,38.0,5000000.0,21321100,2650.0,0,1,0,0,0,0,0,0,1,0,0,0,0,0,0,0,1,0,0,0,0,6.2,41.0,0,0,0,0,0,1,0,0,0,0,0,1,0,0,1,2650.0
898,7.7,96.0,100000000.0,274092705,3820.0,0,0,0,0,0,1,0,1,0,0,0,0,0,0,0,0,0,0,1,0,0,7.7,96.0,0,0,1,0,0,1,1,0,0,0,0,0,0,0,0,3820.0
907,4.1,34.0,7000000.0,15821461,2544.0,0,0,1,0,0,0,0,0,1,1,0,0,0,0,0,0,0,0,0,0,0,4.1,34.0,0,0,0,0,0,0,0,0,0,0,0,1,0,0,1,2544.0
910,6.3,28.0,175000000.0,38362475,2690.0,0,1,0,0,0,0,0,1,0,0,0,0,0,0,0,0,0,0,0,0,1,6.3,28.0,1,1,0,0,0,0,1,0,0,0,0,0,0,0,0,2690.0
914,6.4,35.0,40000000.0,29807260,2856.0,0,0,0,0,0,1,0,1,0,0,0,0,0,0,0,0,0,0,0,0,1,6.4,35.0,0,0,0,0,1,0,1,0,0,0,0,0,0,1,0,2856.0
915,6.9,52.0,18000000.0,13371528,2584.0,0,0,0,0,1,0,0,1,0,1,0,0,0,0,0,0,0,0,0,0,0,6.800000000000001,61.0,0,0,0,0,0,1,1,0,1,0,0,0,0,0,0,2584.0
916,6.2,31.0,60000000.0,12600231,2965.0,0,0,0,0,0,1,0,1,0,0,1,0,0,0,0,0,0,0,0,0,0,6.2,31.0,0,0,0,0,0,0,1,0,0,1,0,0,0,0,1,2965.0
917,5.2,37.0,80000000.0,36076121,3243.0,0,0,1,0,0,0,1,0,0,0,0,0,0,0,0,0,0,0,0,0,1,5.2,37.0,0,1,0,1,0,0,0,0,0,0,0,0,0,0,0,3243.0
918,7.7,87.0,12000000.0,17654912,968.0,0,0,0,0,1,0,0,0,1,0,0,0,0,0,0,0,0,0,0,1,0,6.7,75.0,0,1,0,0,1,0,1,0,0,0,0,0,0,0,0,968.0
932,7.8,83.0,30000000.0,5209580,496.0,1,0,0,0,0,0,0,1,0,0,1,0,0,0,0,0,0,0,0,0,0,7.8,83.0,0,0,0,1,0,0,1,0,0,0,1,0,0,0,0,496.0
936,6.9,54.0,170000000.0,206362140,3841.0,1,0,0,0,0,0,0,1,0,0,0,0,0,0,0,0,0,0,0,1,0,6.6,46.0,1,1,0,0,0,0,0,0,0,1,0,0,0,0,0,3841.0
939,6.8,62.0,6000000.0,3322127,347.0,0,0,0,0,0,1,0,1,0,0,0,1,0,0,0,0,0,0,0,0,0,6.8,62.0,0,0,0,0,0,0,1,0,0,0,0,0,1,0,1,347.0
940,7.6,53.0,19000000.0,21488481,1316.0,0,0,1,0,0,0,0,1,0,0,0,0,0,0,0,0,0,0,0,1,0,7.6,53.0,0,0,0,0,0,0,1,0,0,0,0,0,0,0,0,1316.0
943,6.4,59.0,78000000.0,119793567,4001.0,0,0,0,1,0,0,1,0,0,0,0,0,0,0,0,0,0,1,0,0,0,6.4,59.0,0,1,0,1,1,0,0,0,0,0,0,0,0,0,0,4001.0
948,7.8,82.0,55000000.0,107100855,3143.0,0,0,0,1,0,0,0,1,0,0,0,0,0,0,0,0,0,0,1,0,0,7.066666666666666,67.66666666666667,0,1,0,0,0,0,0,0,0,0,1,0,1,0,0,3143.0
964,6.4,44.0,26000000.0,30664106,3036.0,1,0,0,0,0,0,0,1,0,0,0,0,0,0,0,0,0,0,0,1,0,5.9,38.0,0,0,0,0,1,0,1,0,0,0,0,0,0,0,0,3036.0
968,6.7,38.0,16000000.0,705908,608.0,0,0,0,0,1,0,0,0,1,0,0,0,0,0,0,0,0,0,1,0,0,6.800000000000001,61.0,0,0,0,0,1,0,1,0,0,0,0,0,0,0,0,608.0
969,6.5,54.0,15000000.0,102003019,3345.0,0,0,0,0,1,0,0,0,1,0,0,0,0,0,0,0,0,0,1,0,0,6.75,55.0,0,0,0,0,1,0,0,0,0,0,0,0,0,0,0,3345.0
972,8.8,82.0,55000000.0,557683,337.0,0,0,0,0,1,0,0,1,0,0,0,0,0,0,0,0,0,1,0,0,0,7.3500000000000005,64.5,0,0,0,0,0,0,1,0,1,0,0,0,0,0,0,337.0
983,7.3,62.0,76000000.0,368065385,4003.0,0,1,0,0,0,0,1,0,0,0,0,0,0,0,0,1,0,0,0,0,0,7.449999999999999,67.0,0,1,0,1,1,0,0,0,0,0,0,0,0,0,0,4003.0
988,6.7,59.0,17000000.0,70525195,2041.0,0,1,0,0,0,0,0,0,1,0,0,0,0,0,0,0,0,0,0,1,0,6.1000000000000005,60.0,0,0,0,0,1,0,1,0,0,0,0,0,0,0,0,2041.0
996,5.8,39.0,90000000.0,68559554,3080.0,0,0,1,0,0,0,1,0,0,0,0,0,0,0,0,0,1,0,0,0,0,6.0,47.5,0,1,0,0,0,0,0,0,0,1,0,0,0,0,0,3080.0
1008,5.3,48.0,25000000.0,16973715,3044.0,0,0,1,0,0,0,0,0,1,0,0,0,0,0,0,0,0,0,1,0,0,6.540000000000001,61.8,0,0,0,0,0,1,1,0,0,0,0,0,1,0,0,3044.0
1030,7.0,55.0,225000000.0,291045518,4207.0,0,0,0,0,0,1,0,1,0,0,0,0,0,0,1,0,0,0,0,0,0,6.5200000000000005,46.0,1,1,1,0,0,0,0,0,0,0,0,0,0,0,0,4207.0
1031,7.7,72.0,190000000.0,228778661,3907.0,0,0,0,0,1,0,0,1,0,0,0,0,0,1,0,0,0,0,0,0,0,7.533333333333334,74.66666666666667,1,1,1,0,0,0,0,0,0,0,0,0,0,0,0,3907.0
1032,7.0,63.0,190000000.0,202359711,3607.0,0,0,0,0,1,0,0,1,0,0,0,0,0,0,1,0,0,0,0,0,0,7.15,61.5,1,1,0,0,0,0,0,0,0,0,0,1,0,0,0,3607.0
1033,7.2,55.0,135000000.0,187168425,4065.0,0,0,1,0,0,0,1,0,0,0,0,1,0,0,0,0,0,0,0,0,0,7.2,55.0,0,1,0,1,1,0,0,0,0,0,0,0,0,0,0,4065.0
1034,6.6,60.0,43000000.0,159582188,3184.0,0,0,1,0,0,0,0,0,1,0,0,0,0,0,1,0,0,0,0,0,0,6.8,70.0,1,0,0,0,1,0,0,0,0,0,0,0,1,0,0,3184.0
1035,7.0,44.0,37000000.0,150394119,3445.0,0,0,0,0,0,1,0,0,1,0,0,0,0,0,0,0,1,0,0,0,0,6.366666666666667,49.0,0,0,0,0,1,0,0,0,0,0,0,0,1,0,0,3445.0
1036,7.2,55.0,105000000.0,144840419,3550.0,0,0,0,0,0,1,0,1,0,0,0,0,0,1,0,0,0,0,0,0,0,7.2,55.0,0,0,0,0,0,0,1,0,1,0,0,0,0,0,0,3550.0
1037,7.5,68.0,20000000.0,137400141,3115.0,0,0,0,0,0,1,0,0,1,0,0,0,0,0,0,1,0,0,0,0,0,7.199999999999999,63.75,0,0,0,0,0,1,0,0,0,0,0,1,0,0,1,3115.0
1038,5.7,35.0,35000000.0,134506920,3230.0,0,1,0,0,0,0,0,0,1,0,1,0,0,0,0,0,0,0,0,0,0,6.300000000000001,46.0,0,0,0,0,1,0,1,0,0,0,0,0,1,0,0,3230.0
1039,5.4,19.0,80000000.0,133668525,3491.0,0,0,0,1,0,0,0,1,0,0,0,0,0,0,0,1,0,0,0,0,0,5.25,26.25,0,0,0,0,1,0,0,0,0,0,0,0,0,0,0,3491.0
1040,6.7,61.0,120000000.0,132556852,3924.0,0,0,1,0,0,0,0,1,0,0,0,0,0,0,0,1,0,0,0,0,0,7.033333333333334,61.333333333333336,1,1,1,0,0,0,0,0,0,0,0,0,0,0,0,3924.0
1041,5.8,41.0,130000000.0,122523060,3734.0,0,0,0,0,1,0,0,1,0,0,0,1,0,0,0,0,0,0,0,0,0,5.775,50.5,1,1,1,0,0,0,0,0,0,0,0,0,0,0,0,3734.0
1043,5.8,30.0,103000000.0,112200072,3565.0,0,0,0,0,0,1,0,0,1,0,0,0,0,1,0,0,0,0,0,0,0,6.449999999999999,45.5,0,0,0,0,1,0,0,0,0,0,0,0,1,0,0,3565.0
1044,6.7,52.0,100000000.0,107518682,3894.0,0,0,1,0,0,0,1,0,0,0,0,0,0,1,0,0,0,0,0,0,0,6.15,46.5,0,1,0,1,0,0,0,0,0,0,0,0,0,0,0,3894.0
1046,6.9,65.0,190000000.0,101802906,3285.0,0,0,0,0,0,1,0,1,0,0,0,0,0,0,0,1,0,0,0,0,0,6.7,65.5,1,1,1,0,0,0,0,0,0,0,0,0,0,0,0,3285.0
1047,6.6,67.0,32000000.0,101470202,3055.0,0,0,0,1,0,0,0,0,1,0,0,0,0,0,1,0,0,0,0,0,0,6.55,59.5,0,0,0,0,1,0,0,0,0,0,0,0,0,0,0,3055.0
1049,7.5,62.0,40000000.0,95020213,3405.0,0,0,0,0,0,1,0,1,0,0,0,0,1,0,0,0,0,0,0,0,0,7.2,58.5,0,0,0,0,0,0,1,0,0,0,1,0,0,1,0,3405.0
1050,7.4,95.0,40000000.0,95720716,2946.0,0,0,0,1,0,0,0,0,1,0,0,0,0,0,0,0,0,0,0,0,1,7.35,76.5,0,0,0,0,0,1,1,0,0,0,0,0,0,0,0,2946.0
1053,5.7,39.0,50000000.0,90288712,3716.0,1,0,0,0,0,0,1,0,0,0,0,0,0,0,0,0,1,0,0,0,0,5.7,39.0,0,1,0,1,1,0,0,0,0,0,0,0,0,0,0,3716.0
1054,6.4,37.0,215000000.0,89302115,3904.0,1,0,0,0,0,0,0,1,0,0,0,0,0,0,0,1,0,0,0,0,0,6.666666666666667,53.0,1,1,0,0,0,0,0,0,0,0,0,0,0,0,0,3904.0
1055,7.0,54.0,120000000.0,89107235,3792.0,0,1,0,0,0,0,0,1,0,0,0,0,1,0,0,0,0,0,0,0,0,7.133333333333333,58.333333333333336,1,1,1,0,0,0,0,0,0,0,0,0,0,0,0,3792.0
1057,6.4,58.0,135000000.0,83028128,3809.0,0,0,1,0,0,0,1,0,0,0,0,0,0,0,0,1,0,0,0,0,0,6.300000000000001,63.5,0,1,0,1,1,0,0,0,0,0,0,0,0,0,0,3809.0
1058,7.6,63.0,61000000.0,148809770,2927.0,0,1,0,0,0,0,0,1,0,0,0,0,0,0,0,0,0,0,0,0,1,7.6,63.0,0,0,0,0,0,0,1,1,0,0,0,0,0,0,0,2927.0
1059,6.7,55.0,61000000.0,75612460,3028.0,0,1,0,0,0,0,0,0,1,0,0,0,0,0,0,0,1,0,0,0,0,6.766666666666667,56.666666666666664,1,0,0,0,1,0,0,0,0,0,0,0,1,0,0,3028.0
1060,7.8,58.0,180000000.0,303003568,4100.0,0,0,0,0,0,1,0,1,0,0,0,0,0,0,0,0,0,0,0,0,1,8.233333333333334,76.0,0,1,0,0,0,0,0,0,0,1,0,0,0,0,0,4100.0
1061,6.4,52.0,150000000.0,73103784,3222.0,0,0,0,1,0,0,0,1,0,0,0,0,0,0,1,0,0,0,0,0,0,6.075,45.75,1,0,0,0,0,1,1,0,0,0,0,0,0,0,0,3222.0
1062,6.2,57.0,15000000.0,71628180,2781.0,0,1,0,0,0,0,0,1,0,1,0,0,0,0,0,0,0,0,0,0,0,6.75,63.0,0,0,0,0,0,1,0,0,0,0,0,1,0,0,0,2781.0
1064,5.3,34.0,105000000.0,71017784,3867.0,0,0,0,1,0,0,1,0,0,0,0,0,0,0,0,1,0,0,0,0,0,5.35,32.0,0,1,0,1,1,0,0,0,0,0,0,0,0,0,0,3867.0
1065,5.3,28.0,92000000.0,67349198,3555.0,0,0,1,0,0,0,0,0,1,0,1,0,0,0,0,0,0,0,0,0,0,5.3,28.0,1,0,0,0,0,1,0,0,0,0,0,0,0,0,0,3555.0
1067,6.2,51.0,195000000.0,65187603,3525.0,0,0,0,0,0,1,0,1,0,0,0,1,0,0,0,0,0,0,0,0,0,7.25,56.75,0,1,0,0,0,0,0,0,0,1,0,0,0,0,0,3525.0
1068,5.7,41.0,3000000.0,64473115,2591.0,0,1,0,0,0,0,0,0,1,0,0,0,0,0,1,0,0,0,0,0,0,6.033333333333334,48.666666666666664,0,0,0,0,0,1,0,0,0,0,0,1,0,0,0,2591.0
1069,8.1,70.0,46000000.0,61002302,3290.0,0,0,0,0,0,1,0,0,1,0,0,0,0,0,0,0,0,1,0,0,0,8.0,77.33333333333333,0,0,0,0,0,0,1,0,0,0,0,0,1,0,1,3290.0
1070,4.8,33.0,130000000.0,60522097,3401.0,0,0,0,1,0,0,0,1,0,0,0,0,0,1,0,0,0,0,0,0,0,5.575,42.5,1,1,1,0,0,0,0,0,0,0,0,0,0,0,0,3401.0
1072,6.1,23.0,50000000.0,55703475,3375.0,0,0,0,0,1,0,0,0,1,1,0,0,0,0,0,0,0,0,0,0,0,6.1,23.0,1,0,0,0,0,0,0,0,0,1,0,1,0,0,0,3375.0
1076,6.4,45.0,26000000.0,49875291,3303.0,0,0,0,0,1,0,0,0,1,0,0,0,1,0,0,0,0,0,0,0,0,6.125,38.0,1,0,0,0,1,0,0,0,0,0,0,0,1,0,0,3303.0
1077,7.3,86.0,65000000.0,182207973,2293.0,1,0,0,0,0,0,0,1,0,0,0,0,0,0,0,0,0,0,0,1,0,7.540000000000001,78.9,0,0,0,0,0,0,1,0,0,0,1,0,0,0,0,2293.0
1078,6.7,40.0,60000000.0,46000903,3103.0,0,0,0,0,0,1,0,0,1,1,0,0,0,0,0,0,0,0,0,0,0,6.5,41.333333333333336,1,0,0,0,0,0,1,0,0,0,0,0,1,0,0,3103.0
1079,6.3,42.0,58000000.0,44672764,3399.0,0,0,1,0,0,0,0,1,0,0,0,0,0,0,1,0,0,0,0,0,0,6.5,49.0,0,0,0,0,1,0,0,0,0,0,0,0,0,0,0,3399.0
1081,6.0,36.0,25000000.0,77267296,3368.0,0,0,1,0,0,0,1,0,0,0,0,0,0,0,0,0,0,0,0,0,1,5.3999999999999995,25.666666666666668,0,0,0,0,1,0,0,0,0,0,0,0,0,0,0,3368.0
1083,6.4,49.0,38000000.0,42025135,3117.0,0,1,0,0,0,0,0,0,1,0,0,0,0,0,0,0,0,1,0,0,0,6.4,49.0,1,1,1,0,0,0,0,0,0,0,0,0,0,0,0,3117.0
1085,7.9,79.0,120000000.0,124987023,2946.0,0,0,1,0,0,0,1,0,0,0,0,0,0,0,0,0,0,0,0,1,0,7.9,79.0,0,1,0,0,0,0,1,0,0,1,0,0,0,0,0,2946.0
1087,5.6,25.0,130000000.0,33618855,2852.0,0,1,0,0,0,0,0,1,0,0,0,0,0,0,0,1,0,0,0,0,0,5.6,25.0,1,1,0,0,1,0,0,0,0,0,0,0,0,0,0,2852.0
1088,7.0,50.0,60000000.0,80070736,3352.0,0,0,0,0,1,0,0,1,0,0,0,0,0,0,0,0,0,0,0,0,1,7.366666666666667,70.33333333333333,1,0,0,0,0,1,0,0,0,0,0,0,0,0,0,3352.0
1094,6.5,41.0,28000000.0,28795985,2945.0,0,1,0,0,0,0,0,0,1,0,0,0,0,0,0,0,1,0,0,0,0,5.85,38.0,1,0,0,0,1,0,0,0,0,0,0,0,1,0,0,2945.0
1095,6.2,59.0,35000000.0,67544505,2931.0,0,1,0,0,0,0,0,0,1,0,0,0,0,0,0,0,0,0,0,0,1,6.2,67.0,0,0,0,0,1,0,0,0,1,0,0,0,0,0,0,2931.0
1096,7.7,86.0,44500000.0,136025503,3247.0,0,0,0,0,0,1,0,0,1,0,0,0,0,0,0,0,0,0,1,0,0,7.2,69.66666666666667,0,0,0,0,0,1,1,0,0,0,1,0,0,0,0,3247.0
1097,8.1,74.0,38000000.0,26947624,2308.0,0,1,0,0,0,0,0,0,1,0,0,0,0,0,0,0,0,1,0,0,0,6.68,54.2,1,0,0,0,0,0,1,0,0,0,1,0,0,0,0,2308.0
1100,5.9,44.0,30000000.0,22537881,3160.0,0,0,0,0,0,1,0,1,0,0,0,1,0,0,0,0,0,0,0,0,0,5.9,44.0,0,0,0,0,1,0,0,0,0,0,0,0,0,0,0,3160.0
1106,6.2,49.0,35000000.0,19701164,2622.0,0,0,1,0,0,0,0,0,1,1,0,0,0,0,0,0,0,0,0,0,0,6.2,49.0,1,0,0,0,0,0,1,0,0,0,0,0,1,0,0,2622.0
1107,6.1,52.0,60000000.0,19452138,2950.0,0,0,0,0,0,1,0,1,0,0,1,0,0,0,0,0,0,0,0,0,0,6.1,52.0,0,0,0,0,0,0,1,0,1,1,0,0,0,0,0,2950.0
1108,5.6,36.0,30000000.0,19316646,3026.0,0,0,1,0,0,0,0,0,1,0,0,0,0,0,0,0,0,0,1,0,0,5.6,36.0,0,0,0,0,0,1,0,0,0,0,0,0,1,0,0,3026.0
1117,7.8,55.0,12000000.0,15322921,1280.0,0,1,0,0,0,0,0,0,1,0,0,0,0,0,0,0,0,0,0,1,0,7.8,55.0,0,0,0,0,1,0,1,0,0,1,0,0,0,0,0,1280.0
1119,5.7,50.0,40000000.0,37134215,2431.0,0,0,0,0,1,0,0,1,0,0,0,0,0,0,0,0,0,0,0,0,1,5.4,40.5,0,0,0,0,1,0,1,0,0,0,0,0,0,0,0,2431.0
1121,7.7,81.0,200000000.0,304360277,3526.0,0,0,0,1,0,0,0,1,0,0,0,0,0,0,0,0,0,0,0,1,0,7.25,70.5,1,1,0,0,0,1,0,0,0,0,0,0,0,0,0,3526.0
1122,7.7,72.0,165000000.0,189422889,3752.0,1,0,0,0,0,0,1,0,0,0,0,0,0,0,0,0,0,0,0,1,0,7.7,72.0,0,1,0,1,1,0,0,0,0,0,0,0,0,0,0,3752.0
1126,5.7,48.0,45000000.0,9489829,2404.0,0,0,0,0,0,1,0,0,1,0,1,0,0,0,0,0,0,0,0,0,0,5.7,48.0,1,0,0,0,0,1,0,0,0,0,0,0,1,0,0,2404.0
1139,8.0,100.0,2777000.0,5633202,318.0,0,0,0,0,0,1,1,0,0,0,0,0,0,0,0,0,0,1,0,0,0,8.0,100.0,0,1,0,0,0,0,0,0,0,1,0,0,0,0,0,318.0
1144,6.2,49.0,28000000.0,3255008,1769.0,1,0,0,0,0,0,0,0,1,0,0,0,0,0,0,0,0,0,1,0,0,6.65,57.0,0,0,0,0,0,0,1,0,0,0,1,0,1,0,0,1769.0
1145,6.9,50.0,15000000.0,3018873,300.0,0,0,0,0,1,0,1,0,0,0,1,0,0,0,0,0,0,0,0,0,0,6.9,50.0,1,0,0,0,0,0,1,0,0,0,0,0,0,0,0,300.0
1147,7.1,47.0,85000000.0,148096883,3375.0,0,0,0,1,0,0,1,0,0,0,0,0,0,0,0,0,0,1,0,0,0,6.7,48.333333333333336,0,0,0,1,1,0,0,0,0,0,0,0,0,0,0,3375.0
1154,7.3,76.0,31000000.0,93772375,2638.0,0,0,0,0,1,0,0,0,1,0,0,0,0,0,0,0,0,0,0,1,0,7.3500000000000005,64.5,0,0,0,0,0,1,1,0,0,0,0,0,0,0,0,2638.0
1156,6.4,40.0,42000000.0,45174804,3014.0,0,0,0,1,0,0,1,0,0,0,0,0,0,0,0,0,0,0,1,0,0,6.033333333333334,33.666666666666664,1,0,0,0,1,0,0,0,0,0,0,0,0,1,0,3014.0
1165,6.3,45.0,45000000.0,139854287,3706.0,0,0,1,0,0,0,0,1,0,0,0,0,0,0,0,0,0,0,1,0,0,6.15,35.5,1,0,0,0,0,1,0,0,0,0,0,0,0,0,0,3706.0
1171,6.9,74.0,39000000.0,35291066,3005.0,1,0,0,0,0,0,1,0,0,0,0,0,0,0,0,0,0,0,1,0,0,6.550000000000001,59.75,0,0,0,1,1,0,0,0,0,0,0,0,0,0,0,3005.0
1172,7.2,66.0,17000000.0,65001093,2787.0,0,1,0,0,0,0,0,1,0,0,0,0,0,0,0,0,0,1,0,0,0,6.6,62.0,0,0,0,0,1,0,0,1,1,0,0,0,0,0,0,2787.0
1180,7.4,55.0,102000000.0,27108272,2023.0,0,0,0,0,0,1,0,0,1,0,0,0,0,0,0,0,0,0,1,0,0,7.4,55.0,1,0,0,0,0,0,1,0,0,0,0,0,0,0,1,2023.0
1186,6.6,49.0,95000000.0,161321843,3886.0,0,0,1,0,0,0,1,0,0,0,0,0,0,0,0,1,0,0,0,0,0,6.6,49.0,0,1,0,1,1,0,0,0,0,0,0,0,0,0,0,3886.0
1197,7.2,45.0,20000000.0,6002756,2030.0,0,0,1,0,0,0,1,0,0,0,0,0,0,0,0,0,0,0,1,0,0,6.75,49.0,0,0,0,0,0,0,1,0,0,0,1,0,0,1,0,2030.0
1204,6.6,47.0,25000000.0,51854872,2717.0,1,0,0,0,0,0,1,0,0,0,0,0,0,0,0,0,1,0,0,0,0,6.6,47.0,0,0,0,0,1,0,1,0,0,0,0,0,0,0,0,2717.0
1207,4.6,40.0,5000000.0,53921335,3412.0,0,0,0,0,1,0,0,0,1,0,0,0,0,0,0,0,0,0,1,0,0,5.199999999999999,49.5,0,0,0,0,0,0,0,0,0,0,0,1,0,0,1,3412.0
1211,7.1,69.0,185000000.0,237810394,4164.0,1,0,0,0,0,0,1,0,0,0,0,0,0,0,1,0,0,0,0,0,0,7.1,69.0,0,1,0,1,1,0,0,0,0,0,0,0,0,0,0,4164.0
1232,8.0,69.0,220000000.0,623357910,4349.0,1,0,0,0,0,0,0,1,0,0,0,0,0,1,0,0,0,0,0,0,0,7.65,67.5,1,1,1,0,0,0,0,0,0,0,0,0,0,0,0,4349.0
1233,8.4,78.0,250000000.0,448139099,4404.0,0,0,0,0,0,1,0,1,0,0,0,0,0,0,0,1,0,0,0,0,0,8.425,80.0,1,1,0,0,0,0,0,0,0,0,0,0,0,0,0,4404.0
1235,6.9,66.0,230000000.0,262030663,4318.0,0,0,0,1,0,0,0,1,0,0,0,0,0,0,0,1,0,0,0,0,0,6.75,59.5,1,1,1,0,0,0,0,0,0,0,0,0,0,0,0,4318.0
1236,6.9,62.0,50000000.0,218815487,3303.0,0,1,0,0,0,0,0,0,1,0,0,0,0,0,1,0,0,0,0,0,0,6.433333333333333,51.333333333333336,0,0,0,0,1,0,0,0,0,0,0,0,0,0,0,3303.0
1238,6.4,46.0,70000000.0,214030500,3769.0,0,1,0,0,0,0,1,0,0,0,0,1,0,0,0,0,0,0,0,0,0,6.45,53.5,0,1,0,1,1,0,0,0,0,0,0,0,0,0,0,3769.0
1239,6.8,58.0,225000000.0,179020854,4248.0,0,0,0,1,0,0,0,1,0,0,0,0,0,1,0,0,0,0,0,0,0,6.8,58.0,1,1,0,0,1,0,0,0,0,0,0,0,0,0,0,4248.0
1240,6.1,57.0,170000000.0,155332381,3777.0,0,1,0,0,0,0,0,1,0,0,0,0,0,0,1,0,0,0,0,0,0,6.199999999999999,54.5,1,1,0,0,0,0,1,0,0,0,0,0,0,0,0,3777.0
1241,7.2,69.0,42000000.0,138447667,3148.0,0,0,0,1,0,0,0,0,1,0,0,1,0,0,0,0,0,0,0,0,0,7.033333333333334,68.66666666666667,1,0,0,0,1,0,0,0,0,0,0,0,1,0,0,3148.0
1242,7.0,64.0,130000000.0,126477084,3442.0,0,0,1,0,0,0,0,0,1,0,0,0,0,0,1,0,0,0,0,0,0,6.540000000000001,61.8,0,1,1,0,0,0,0,0,0,0,0,0,0,0,1,3442.0
1243,6.7,52.0,85000000.0,126373434,3121.0,0,1,0,0,0,0,0,0,1,0,1,0,0,0,0,0,0,0,0,0,0,6.7,52.0,1,0,0,0,0,1,0,0,0,0,0,0,0,0,0,3121.0
1244,6.1,72.0,7000000.0,113721571,3120.0,0,0,0,0,0,1,0,0,1,0,0,0,0,0,1,0,0,0,0,0,0,6.4,71.0,0,0,0,0,1,0,1,0,0,0,0,0,0,0,0,3120.0
1245,6.7,61.0,125000000.0,113203870,3753.0,0,1,0,0,0,0,0,1,0,0,0,0,0,0,0,0,1,0,0,0,0,6.7,61.0,1,1,0,0,0,1,0,0,0,0,0,0,0,0,0,3753.0
1246,5.8,41.0,79000000.0,103860290,3500.0,0,0,0,0,0,1,1,0,0,0,1,0,0,0,0,0,0,0,0,0,0,5.55,39.75,1,1,0,0,0,0,0,0,0,0,0,0,0,0,0,3500.0
1248,7.4,73.0,145000000.0,209397903,3555.0,0,0,0,0,1,0,0,1,0,0,0,0,0,0,0,0,0,0,0,0,1,7.133333333333333,71.0,1,1,0,0,0,1,0,0,0,0,0,0,0,0,0,3555.0
1249,6.1,50.0,95000000.0,86907746,3302.0,0,0,0,0,0,1,0,0,1,0,0,0,0,0,0,0,1,0,0,0,0,6.1,50.0,0,0,0,0,1,0,0,0,0,0,0,0,0,0,0,3302.0
1251,5.7,37.0,150000000.0,83670083,3545.0,0,0,0,0,0,1,0,1,0,0,0,1,0,0,0,0,0,0,0,0,0,5.733333333333333,35.0,1,1,0,0,0,0,0,0,0,1,0,0,0,0,0,3545.0
1252,6.2,55.0,150000000.0,79727149,3755.0,0,0,0,0,0,1,0,1,0,0,0,0,0,1,0,0,0,0,0,0,0,6.550000000000001,59.75,0,0,0,0,1,0,0,0,0,1,0,1,0,0,0,3755.0
1253,6.6,51.0,250000000.0,73078100,3749.0,1,0,0,0,0,0,0,1,0,0,0,1,0,0,0,0,0,0,0,0,0,6.949999999999999,64.0,1,1,1,0,0,0,0,0,0,0,0,0,0,0,0,3749.0
1255,6.5,51.0,25000000.0,66528000,2870.0,0,1,0,0,0,0,0,0,1,1,0,0,0,0,0,0,0,0,0,0,0,6.766666666666667,56.666666666666664,1,0,0,0,0,0,1,0,0,0,0,0,1,0,0,2870.0
1257,5.8,41.0,209000000.0,65422625,3702.0,0,1,0,0,0,0,0,1,0,0,0,0,0,1,0,0,0,0,0,0,0,6.65,50.5,1,1,1,0,0,0,0,0,0,0,0,0,0,0,0,3702.0
1259,7.0,69.0,12000000.0,64575175,2908.0,0,0,1,0,0,0,0,1,0,0,1,0,0,0,0,0,0,0,0,0,0,5.65,48.0,0,0,1,0,0,1,1,0,0,0,0,0,0,0,0,2908.0
1260,6.3,65.0,30000000.0,63536011,2441.0,0,0,0,1,0,0,0,1,0,0,0,0,0,0,0,0,1,0,0,0,0,6.433333333333334,47.0,0,0,0,0,1,0,1,0,1,0,0,0,0,0,0,2441.0
1261,7.5,48.0,125000000.0,186848418,3703.0,0,0,0,0,0,1,0,1,0,0,0,0,0,0,0,0,0,0,0,0,1,7.275,50.5,1,1,0,0,0,0,0,0,0,0,0,0,0,0,1,3703.0
1263,6.5,39.0,25000000.0,60457138,3175.0,0,0,0,0,0,1,0,1,0,0,0,0,1,0,0,0,0,0,0,0,0,6.5,39.0,0,0,0,0,0,0,1,0,1,0,0,0,0,0,1,3175.0
1264,6.4,58.0,65000000.0,59650222,3014.0,0,0,0,0,1,0,0,0,1,0,0,0,0,1,0,0,0,0,0,0,0,6.4,58.0,0,0,0,0,1,0,0,0,0,0,0,0,0,0,0,3014.0
1265,7.5,57.0,65000000.0,58896050,3601.0,0,0,0,1,0,0,0,0,1,0,0,0,0,0,0,0,1,0,0,0,0,7.5,62.0,1,0,1,0,0,1,0,0,0,0,0,0,0,0,0,3601.0
1266,6.7,49.0,50000000.0,57011521,3203.0,0,1,0,0,0,0,0,0,1,0,0,0,1,0,0,0,0,0,0,0,0,6.7,49.0,0,0,0,0,1,0,0,0,0,0,0,0,0,0,0,3203.0
1267,6.3,31.0,65000000.0,54760791,3189.0,0,0,1,0,0,0,0,1,0,0,1,0,0,0,0,0,0,0,0,0,0,6.3,31.0,1,0,0,0,1,0,0,0,1,0,0,0,0,0,0,3189.0
1268,6.6,48.0,12000000.0,54731865,3055.0,0,0,0,0,0,1,0,0,1,0,0,1,0,0,0,0,0,0,0,0,0,6.6,48.0,0,0,0,0,1,0,0,0,0,0,0,0,0,0,0,3055.0
1270,4.2,18.0,1000000.0,53261944,2551.0,0,0,0,0,1,0,0,0,1,1,0,0,0,0,0,0,0,0,0,0,0,4.2,18.0,0,0,0,0,0,0,0,0,0,0,0,1,0,0,0,2551.0
1271,7.8,71.0,90000000.0,112610963,2950.0,0,0,0,1,0,0,0,0,1,0,0,0,0,0,0,0,0,0,0,0,1,7.866666666666666,81.66666666666667,0,0,0,0,0,0,1,0,0,0,0,0,1,0,1,2950.0
1272,4.3,34.0,57000000.0,51774002,3174.0,0,0,0,1,0,0,0,1,0,0,1,0,0,0,0,0,0,0,0,0,0,4.3,34.0,1,0,0,0,0,1,0,0,0,1,0,0,0,0,0,3174.0
1274,5.9,46.0,58000000.0,49876377,2573.0,0,0,1,0,0,0,0,1,0,1,0,0,0,0,0,0,0,0,0,0,0,5.9,46.0,1,0,0,0,0,0,1,0,0,0,0,0,0,0,0,2573.0
1276,6.3,54.0,22000000.0,49008662,3401.0,0,0,1,0,0,0,1,0,0,0,0,0,0,0,0,0,1,0,0,0,0,5.7,48.0,0,0,0,0,1,0,0,0,0,0,0,0,0,0,0,3401.0
1277,6.5,59.0,45000000.0,47382068,2635.0,0,1,0,0,0,0,0,0,1,0,0,0,0,0,0,1,0,0,0,0,0,6.35,59.0,0,0,0,0,0,1,1,0,0,0,0,0,1,0,0,2635.0
1280,5.1,56.0,30000000.0,44338224,3482.0,0,0,1,0,0,0,1,0,0,0,0,0,1,0,0,0,0,0,0,0,0,5.5,45.666666666666664,0,0,0,0,1,0,0,0,0,0,0,0,0,0,0,3482.0
1282,7.2,72.0,66000000.0,79884879,2856.0,1,0,0,0,0,0,0,1,0,0,0,0,0,0,0,0,0,0,0,0,1,7.540000000000001,78.9,1,1,0,0,0,0,1,0,0,0,0,0,0,0,0,2856.0
1283,6.5,51.0,115000000.0,43456382,2655.0,0,0,1,0,0,0,1,0,0,0,1,0,0,0,0,0,0,0,0,0,0,6.5,51.0,1,1,0,0,0,0,0,0,0,1,0,0,0,0,0,2655.0
1288,7.1,58.0,50000000.0,76083036,3170.0,0,0,1,0,0,0,1,0,0,0,0,0,0,0,0,0,0,0,0,0,1,6.25,49.0,0,0,0,0,1,0,1,0,0,0,0,0,0,0,0,3170.0
1289,5.9,47.0,75000000.0,38518613,3470.0,0,0,0,0,0,1,0,1,0,0,0,0,0,0,1,0,0,0,0,0,0,5.9,47.0,0,0,0,0,1,0,1,1,0,0,0,0,0,0,0,3470.0
1290,5.9,42.0,69000000.0,37519139,3109.0,0,0,1,0,0,0,0,0,1,0,0,0,0,0,1,0,0,0,0,0,0,5.9,42.0,1,0,0,0,0,0,0,0,0,1,0,1,0,0,0,3109.0
1292,5.5,31.0,70000000.0,36931089,3030.0,0,0,0,1,0,0,0,0,1,0,0,0,0,0,1,0,0,0,0,0,0,6.26,40.0,0,0,0,0,1,0,0,0,0,0,0,0,0,0,0,3030.0
1293,6.8,58.0,30000000.0,35763137,3212.0,0,0,0,0,0,1,0,1,0,0,0,0,0,0,0,0,0,1,0,0,0,6.8,58.0,0,0,0,0,0,0,1,0,0,0,0,0,0,1,0,3212.0
1294,5.7,36.0,68000000.0,35353000,3168.0,0,0,1,0,0,0,0,0,1,0,0,0,0,0,0,1,0,0,0,0,0,6.2,52.0,0,0,1,0,1,0,0,0,0,0,0,0,0,0,0,3168.0
1296,7.3,68.0,135000000.0,77591831,3087.0,0,0,0,0,1,0,1,0,0,0,0,0,0,0,0,0,0,0,0,0,1,7.540000000000001,78.9,1,1,0,1,0,0,0,0,0,0,0,0,0,0,0,3087.0
1299,6.9,46.0,40000000.0,31847881,2630.0,0,0,0,0,0,1,0,1,0,0,0,0,0,0,0,0,0,0,0,0,1,6.9,46.0,0,1,0,0,0,0,1,0,0,0,0,0,0,0,1,2630.0
1300,6.7,73.0,55000000.0,31051126,3358.0,0,0,0,1,0,0,1,0,0,0,0,0,1,0,0,0,0,0,0,0,0,6.7,73.0,0,1,0,1,1,0,0,0,0,0,0,0,0,0,0,3358.0
1301,5.7,44.0,25000000.0,30932113,2735.0,0,0,0,0,0,1,0,1,0,1,0,0,0,0,0,0,0,0,0,0,0,5.7,44.0,0,0,0,0,1,0,1,1,0,0,0,0,0,0,0,2735.0
1303,6.2,62.0,30000000.0,28835528,2941.0,0,1,0,0,0,0,0,0,1,0,0,0,1,0,0,0,0,0,0,0,0,6.279999999999999,61.8,0,0,0,0,1,0,0,0,1,0,0,0,0,0,0,2941.0
1305,5.9,57.0,12000000.0,25326071,2732.0,0,0,0,0,1,0,1,0,0,0,0,0,0,0,0,1,0,0,0,0,0,5.9,57.0,0,0,0,0,0,0,0,1,0,0,0,0,0,0,0,2732.0
1306,7.5,83.0,150000000.0,73864607,2608.0,0,0,0,0,1,0,1,0,0,0,0,0,0,0,0,0,0,0,0,1,0,7.7749999999999995,75.0,0,0,0,0,0,0,1,0,0,1,0,0,0,0,0,2608.0
1308,6.5,66.0,35000000.0,20275446,2255.0,0,0,0,1,0,0,0,1,0,0,0,0,0,0,0,0,1,0,0,0,0,6.5,66.0,1,0,0,0,0,1,0,0,0,0,0,0,0,0,0,2255.0
1309,6.5,61.0,40000000.0,20157300,2133.0,0,1,0,0,0,0,1,0,0,0,1,0,0,0,0,0,0,0,0,0,0,6.5,61.0,0,0,0,0,0,0,1,0,0,0,1,0,0,0,0,2133.0
1315,5.4,51.0,15000000.0,15634090,1872.0,0,1,0,0,0,0,0,0,1,0,0,0,0,0,0,0,0,0,0,1,0,5.4,51.0,1,0,0,0,0,0,0,0,0,0,0,0,0,0,0,1872.0
1321,7.1,49.0,16000000.0,12434778,2055.0,1,0,0,0,0,0,0,1,0,0,0,0,0,0,1,0,0,0,0,0,0,7.1,49.0,0,0,0,0,1,0,1,0,0,0,0,0,0,0,0,2055.0
1323,5.7,22.0,56000000.0,54544638,3505.0,0,0,0,0,0,1,0,1,0,0,0,0,0,0,0,0,0,0,0,0,1,5.7,28.0,0,0,0,0,1,0,0,0,1,0,0,0,0,0,0,3505.0
1325,5.4,37.0,14000000.0,9409538,3016.0,0,0,0,0,1,0,0,1,0,0,0,0,0,0,0,0,0,0,1,0,0,5.4,37.0,0,1,0,0,1,0,0,0,0,0,0,0,0,0,0,3016.0
1331,7.1,75.0,45000000.0,88631237,3440.0,1,0,0,0,0,0,1,0,0,0,0,0,0,0,0,0,0,0,0,1,0,6.566666666666667,56.666666666666664,0,1,0,0,1,0,0,0,0,0,0,0,0,0,0,3440.0
1336,6.2,71.0,12000000.0,16311571,987.0,0,0,0,0,1,0,0,0,1,0,0,0,0,0,0,0,0,0,0,0,1,6.800000000000001,61.0,0,0,0,0,1,0,1,0,0,0,0,0,0,0,0,987.0
1337,5.7,39.0,25000000.0,30441326,2752.0,0,0,1,0,0,0,0,0,1,0,0,0,0,0,0,0,0,0,0,0,1,5.766666666666667,41.0,0,0,0,0,1,0,0,0,0,0,0,0,0,0,0,2752.0
1345,5.9,50.0,135000000.0,64006466,3611.0,0,0,0,0,0,1,1,0,0,0,0,0,0,0,0,0,0,0,0,1,0,7.0,70.0,0,1,0,1,1,0,0,0,0,0,0,0,0,0,0,3611.0
1346,8.4,85.0,18000000.0,3125613,322.0,0,0,0,0,1,0,1,0,0,0,0,0,0,0,0,0,0,1,0,0,0,7.540000000000001,78.9,1,1,0,0,0,0,0,0,0,0,0,0,0,0,0,322.0
1350,3.3,23.0,79000000.0,74095108,3438.0,0,0,0,1,0,0,1,0,0,0,0,0,0,0,0,0,0,0,0,1,0,5.25,26.25,0,0,0,0,1,0,0,0,0,0,0,0,0,0,0,3438.0
1358,6.2,59.0,75000000.0,78046570,3370.0,0,1,0,0,0,0,0,1,0,0,0,0,0,0,0,0,0,0,0,1,0,6.2,59.0,1,0,0,0,1,0,0,0,0,0,0,0,1,0,0,3370.0
1361,7.1,56.0,110000000.0,85468505,3440.0,1,0,0,0,0,0,0,1,0,0,0,0,0,0,0,0,0,0,1,0,0,6.5,49.0,1,0,1,0,0,0,1,0,0,0,0,0,0,0,0,3440.0
1364,6.5,59.0,35000000.0,37306030,1985.0,0,0,0,0,0,1,0,0,1,0,0,0,0,0,0,0,0,0,0,1,0,6.75,61.5,0,0,0,0,0,0,1,0,1,0,1,0,0,0,0,1985.0
1365,7.1,69.0,100000000.0,46462469,3376.0,0,0,0,1,0,0,1,0,0,0,0,0,0,0,0,0,0,0,0,1,0,7.1,69.0,0,1,0,1,1,0,0,0,0,0,0,0,0,0,0,3376.0
1370,7.6,87.0,50000000.0,75521698,3018.0,0,0,0,1,0,0,0,1,0,0,0,0,0,0,0,0,0,1,0,0,0,7.6,87.0,0,0,0,0,0,0,1,0,0,0,1,0,0,1,0,3018.0
1376,6.7,53.0,40000000.0,37520095,3127.0,0,0,1,0,0,0,0,1,0,0,0,0,0,0,0,0,0,0,1,0,0,6.7,53.0,1,0,1,0,0,1,0,0,0,0,0,0,0,0,0,3127.0
1382,6.9,64.0,37000000.0,72286779,3515.0,0,0,0,0,0,1,1,0,0,0,0,0,0,0,0,0,0,1,0,0,0,6.65,61.0,0,0,0,0,0,0,1,0,0,0,0,0,0,0,0,3515.0
1390,8.0,62.0,25000000.0,169708107,3014.0,1,0,0,0,0,0,0,1,0,0,0,0,0,0,0,0,1,0,0,0,0,7.133333333333333,60.333333333333336,0,0,0,0,0,0,1,0,0,0,0,0,0,0,0,3014.0
1391,6.3,61.0,19000000.0,35061031,2875.0,0,0,0,0,0,1,0,0,1,0,0,0,0,0,0,0,0,0,0,1,0,6.3,61.0,0,1,0,0,1,0,0,0,0,0,0,0,0,0,0,2875.0
1394,6.6,42.0,8200000.0,51802742,3555.0,0,0,0,0,1,0,1,0,0,0,0,0,0,0,0,0,0,0,1,0,0,6.6,42.0,0,0,0,0,0,0,1,1,1,0,0,0,0,0,0,3555.0
1400,7.1,67.0,12500000.0,40921987,2199.0,0,0,0,1,0,0,0,0,1,0,0,0,0,0,0,0,0,0,1,0,0,6.3,53.666666666666664,0,0,0,0,0,1,1,0,0,0,0,0,0,0,0,2199.0
1406,6.3,39.0,25000000.0,61020,484.0,0,0,0,0,0,1,0,0,1,0,0,1,0,0,0,0,0,0,0,0,0,6.3,39.0,1,0,0,0,0,0,1,1,0,0,0,0,0,0,0,484.0
1407,5.8,59.0,5000000.0,104028807,3329.0,0,0,0,0,1,0,0,0,1,0,0,0,0,0,0,0,0,0,1,0,0,5.199999999999999,49.5,0,0,0,0,0,0,0,0,0,0,0,1,0,0,1,3329.0
1422,6.9,55.0,260000000.0,94241997,2340.0,1,0,0,0,0,0,1,0,0,0,0,0,0,0,0,0,0,1,0,0,0,7.040000000000001,63.6,0,1,0,1,0,0,1,0,0,0,0,0,0,0,0,2340.0
1431,8.1,85.0,125000000.0,381011219,4375.0,0,0,0,0,0,1,0,1,0,0,0,0,0,0,0,1,0,0,0,0,0,7.049999999999999,61.75,0,1,0,0,0,0,1,0,0,1,0,0,0,0,0,4375.0
1433,6.4,44.0,80000000.0,254464305,3675.0,0,0,0,0,0,1,0,0,1,0,0,0,0,1,0,0,0,0,0,0,0,6.449999999999999,45.5,0,0,0,0,1,0,0,0,0,0,0,0,0,0,0,3675.0
1434,6.6,45.0,250000000.0,241071802,4164.0,1,0,0,0,0,0,0,1,0,0,0,0,0,1,0,0,0,0,0,0,0,6.400000000000001,60.0,1,1,0,0,0,0,0,0,0,1,0,0,0,0,0,4164.0
1435,7.3,66.0,125000000.0,209837675,3793.0,0,1,0,0,0,0,0,1,0,0,0,0,1,0,0,0,0,0,0,0,0,7.199999999999999,67.0,1,1,0,0,0,0,0,0,0,0,0,0,1,0,0,3793.0
1436,7.0,57.0,150000000.0,181030624,3963.0,0,0,0,0,1,0,0,1,0,0,0,0,0,1,0,0,0,0,0,0,0,6.65,58.25,1,1,0,0,0,0,0,0,0,1,0,0,0,0,0,3963.0
1437,7.6,68.0,93000000.0,176760185,3691.0,0,0,1,0,0,0,0,1,0,0,0,0,0,0,0,0,1,0,0,0,0,6.8,61.5,1,0,1,0,0,0,1,0,0,0,0,0,0,0,0,3691.0
1438,6.9,66.0,140000000.0,176654505,3715.0,0,0,0,0,1,0,0,1,0,0,0,0,0,0,0,1,0,0,0,0,0,6.35,54.5,1,1,1,0,0,0,0,0,0,0,0,0,0,0,0,3715.0
1439,6.8,75.0,32500000.0,169106725,2958.0,0,1,0,0,0,0,0,0,1,0,0,0,0,1,0,0,0,0,0,0,0,6.8,70.0,0,0,0,0,1,0,0,0,1,0,0,0,0,0,0,2958.0
1441,5.4,30.0,110000000.0,142614158,3427.0,0,0,0,1,0,0,1,0,0,0,0,0,0,0,0,1,0,0,0,0,0,5.35,32.0,0,1,0,1,1,0,0,0,0,0,0,0,0,0,0,3427.0
1442,7.0,72.0,50000000.0,127004179,3424.0,0,0,0,0,1,0,0,1,0,0,0,0,0,0,1,0,0,0,0,0,0,7.533333333333334,74.66666666666667,1,1,1,0,0,0,0,0,0,0,0,0,0,0,0,3424.0
1443,7.2,75.0,135000000.0,123477607,3923.0,0,0,0,0,1,0,1,0,0,0,0,1,0,0,0,0,0,0,0,0,0,6.666666666666667,53.0,0,1,0,1,1,0,0,0,0,0,0,0,0,0,0,3923.0
1445,6.9,57.0,35000000.0,117538559,3134.0,0,0,0,0,0,1,0,0,1,0,0,0,0,0,0,1,0,0,0,0,0,6.300000000000001,46.0,0,0,0,0,1,0,0,0,0,0,0,0,1,0,0,3134.0
1446,5.5,39.0,200000000.0,116601172,3816.0,0,0,0,0,0,1,0,1,0,0,0,0,0,0,1,0,0,0,0,0,0,6.05,47.0,1,1,1,0,0,0,0,0,0,0,0,0,0,0,0,3816.0
1447,5.4,41.0,63000000.0,108085305,3616.0,0,1,0,0,0,0,1,0,0,0,0,0,1,0,0,0,0,0,0,0,0,5.4,41.0,0,1,0,1,1,0,0,0,0,0,0,0,0,0,0,3616.0
1448,6.4,33.0,80000000.0,103028109,3548.0,0,0,0,1,0,0,0,1,0,0,1,0,0,0,0,0,0,0,0,0,0,5.25,26.25,0,0,0,0,1,0,0,0,1,0,0,0,0,0,0,3548.0
1449,7.6,80.0,38000000.0,171243005,3464.0,0,0,0,0,1,0,0,1,0,0,0,0,0,0,0,0,0,0,0,0,1,6.949999999999999,76.0,0,0,0,0,0,0,1,0,0,0,0,0,0,0,0,3464.0
1450,5.6,47.0,20000000.0,100292856,3049.0,0,0,0,1,0,0,0,0,1,0,0,0,0,0,1,0,0,0,0,0,0,5.866666666666667,47.0,0,0,0,0,1,0,0,0,1,0,0,0,0,0,0,3049.0
1451,6.0,50.0,163000000.0,100240551,3754.0,0,1,0,0,0,0,0,1,0,0,0,0,0,0,0,1,0,0,0,0,0,7.040000000000001,63.6,1,0,1,0,0,1,0,0,0,0,0,0,0,0,0,3754.0
1452,5.8,39.0,120000000.0,98780042,3584.0,0,0,0,1,0,0,0,1,0,1,0,0,0,0,0,0,0,0,0,0,0,5.8,39.0,1,0,0,0,1,0,0,0,0,0,0,0,1,0,0,3584.0
1453,7.4,68.0,50000000.0,84351197,3020.0,0,0,0,0,0,1,0,1,0,0,0,0,0,0,0,1,0,0,0,0,0,6.866666666666667,60.333333333333336,0,0,0,0,1,0,1,0,1,0,0,0,0,0,0,3020.0
1454,5.7,37.0,70000000.0,83552429,3417.0,0,0,0,1,0,0,0,1,0,0,0,1,0,0,0,0,0,0,0,0,0,5.733333333333333,35.0,1,0,1,0,0,0,0,0,0,0,0,0,0,0,0,3417.0
1455,5.2,30.0,80000000.0,80360843,3482.0,0,0,0,1,0,0,1,0,0,0,0,0,0,0,0,1,0,0,0,0,0,6.033333333333334,33.666666666666664,0,0,0,0,1,0,0,0,0,1,0,0,0,0,0,3482.0
1457,6.7,70.0,60000000.0,75658097,3222.0,0,0,0,0,0,1,0,1,0,0,0,0,0,0,0,0,0,1,0,0,0,6.4,71.0,0,0,0,0,0,1,1,0,0,0,0,0,0,0,0,3222.0
1458,6.2,50.0,25000000.0,70662220,3050.0,0,0,0,0,1,0,0,0,1,1,0,0,0,0,0,0,0,0,0,0,0,7.0,60.5,0,0,0,0,1,0,0,0,1,0,0,0,0,0,0,3050.0
1459,6.0,53.0,55000000.0,68224452,3342.0,0,0,1,0,0,0,1,0,0,0,0,0,0,0,1,0,0,0,0,0,0,6.0,53.0,0,0,0,0,1,0,0,0,0,1,0,0,0,0,0,3342.0
1461,5.5,27.0,100000000.0,148438600,3675.0,0,1,0,0,0,0,0,1,0,0,0,0,0,0,0,0,0,0,0,0,1,5.5,27.0,0,0,0,0,1,0,0,0,1,0,0,0,0,0,0,3675.0
1462,6.8,56.0,30000000.0,63686397,3043.0,0,0,0,0,0,1,0,1,0,0,1,0,0,0,0,0,0,0,0,0,0,6.6499999999999995,57.5,1,0,0,0,0,1,0,0,0,0,0,0,0,0,1,3043.0
1463,7.0,60.0,50200000.0,62495645,2847.0,0,1,0,0,0,0,0,1,0,0,0,1,0,0,0,0,0,0,0,0,0,7.0,60.0,0,0,1,0,0,1,0,0,1,0,0,0,0,0,0,2847.0
1464,6.9,52.0,38000000.0,58709717,2820.0,0,0,1,0,0,0,0,1,0,0,0,0,1,0,0,0,0,0,0,0,0,6.75,52.5,0,0,0,0,0,0,1,0,1,0,0,0,0,0,0,2820.0
1467,6.1,36.0,60000000.0,55100437,3156.0,1,0,0,0,0,0,0,1,0,0,1,0,0,0,0,0,0,0,0,0,0,5.65,39.0,1,1,1,0,0,0,0,0,0,0,0,0,0,0,0,3156.0
1469,7.8,79.0,25000000.0,93617009,2534.0,0,0,0,0,1,0,0,0,1,0,0,0,0,0,0,0,0,0,0,0,1,7.2,75.0,0,0,0,0,0,0,1,0,0,0,1,0,0,1,0,2534.0
1470,6.8,49.0,170000000.0,172062753,3451.0,1,0,0,0,0,0,1,0,0,0,0,0,0,0,0,0,0,0,0,0,1,7.133333333333333,58.333333333333336,1,1,1,0,0,0,0,0,0,0,0,0,0,0,0,3451.0
1473,6.5,51.0,21000000.0,52698535,3169.0,0,0,1,0,0,0,1,0,0,0,0,1,0,0,0,0,0,0,0,0,0,5.7,48.0,0,0,0,0,1,0,0,0,0,0,0,0,0,0,0,3169.0
1474,5.3,46.0,70000000.0,48475290,2943.0,0,1,0,0,0,0,0,1,0,1,0,0,0,0,0,0,0,0,0,0,0,6.68,54.2,0,0,0,0,1,0,1,0,0,0,0,0,0,0,0,2943.0
1475,5.8,45.0,36000000.0,45060734,2950.0,0,0,0,0,0,1,0,0,1,0,1,0,0,0,0,0,0,0,0,0,0,5.5,45.666666666666664,0,0,0,0,1,0,0,0,1,0,0,0,0,0,0,2950.0
1477,4.6,35.0,80000000.0,100246011,3515.0,0,0,0,0,0,1,1,0,0,0,0,0,0,0,0,0,0,0,0,0,1,4.6,35.0,0,1,0,1,1,0,0,0,0,0,0,0,0,0,0,3515.0
1478,5.8,50.0,40000000.0,42587643,3155.0,0,0,0,0,0,1,0,0,1,0,0,0,0,0,0,0,1,0,0,0,0,5.8,47.0,0,0,0,0,0,1,0,0,0,0,0,1,0,0,0,3155.0
1479,7.7,71.0,260000000.0,200821936,3603.0,1,0,0,0,0,0,1,0,0,0,0,0,0,0,0,0,0,0,0,1,0,7.7,71.0,0,1,0,1,1,0,0,0,0,0,0,0,0,0,0,3603.0
1480,5.9,36.0,35000000.0,39046489,2904.0,0,0,0,0,0,1,0,1,0,0,0,0,0,1,0,0,0,0,0,0,0,6.15,33.0,0,0,0,0,1,0,1,0,1,0,0,0,0,0,0,2904.0
1482,4.4,22.0,32000000.0,37915414,2821.0,0,0,1,0,0,0,0,1,0,0,1,0,0,0,0,0,0,0,0,0,0,4.4,22.0,1,0,0,0,1,0,0,0,0,0,0,0,1,0,0,2821.0
1483,5.5,29.0,42000000.0,37662162,3030.0,0,0,0,0,0,1,0,1,0,0,0,1,0,0,0,0,0,0,0,0,0,5.5,29.0,0,0,0,0,0,0,0,0,0,1,0,1,0,0,1,3030.0
1484,7.0,57.0,40000000.0,37412945,2806.0,0,1,0,0,0,0,0,0,1,0,0,1,0,0,0,0,0,0,0,0,0,6.45,45.5,0,1,1,0,1,0,0,0,0,0,0,0,0,0,0,2806.0
1487,6.3,39.0,52000000.0,37081475,2913.0,0,1,0,0,0,0,0,0,1,0,0,0,0,0,0,0,1,0,0,0,0,6.3,39.0,0,0,0,0,1,0,0,0,0,1,0,0,0,0,0,2913.0
1488,6.1,49.0,28000000.0,37053924,2888.0,0,0,0,1,0,0,0,0,1,0,0,0,0,0,0,0,1,0,0,0,0,6.5,41.333333333333336,1,0,0,0,1,0,0,0,0,0,0,0,1,0,0,2888.0
1490,6.0,33.0,82000000.0,36392502,3033.0,0,0,0,0,0,1,0,1,0,0,0,1,0,0,0,0,0,0,0,0,0,6.5200000000000005,46.0,1,1,0,0,0,0,0,0,0,1,0,0,0,0,0,3033.0
1491,6.1,41.0,30000000.0,35608245,2976.0,0,1,0,0,0,0,0,1,0,0,0,0,0,0,0,1,0,0,0,0,0,6.1,41.0,0,0,0,0,1,0,1,0,1,0,0,0,0,0,0,2976.0
1493,6.0,38.0,37000000.0,33047633,2985.0,0,0,0,0,0,1,0,1,0,1,0,0,0,0,0,0,0,0,0,0,0,6.0,38.0,0,0,0,0,0,0,1,0,0,0,0,1,0,0,1,2985.0
1502,6.3,53.0,155000000.0,104386950,3555.0,0,0,1,0,0,0,1,0,0,0,0,0,0,0,0,0,0,0,0,0,1,6.75,49.0,0,1,0,0,0,0,0,0,0,1,0,0,0,0,0,3555.0
1504,5.9,42.0,30000000.0,23209310,2789.0,0,1,0,0,0,0,0,0,1,0,1,0,0,0,0,0,0,0,0,0,0,5.9,42.0,1,1,0,0,0,0,1,0,0,0,0,0,0,0,0,2789.0
1505,5.8,43.0,20000000.0,23186769,2473.0,0,0,1,0,0,0,1,0,0,0,0,0,0,0,0,1,0,0,0,0,0,5.8,43.0,0,1,0,0,1,0,0,0,0,0,0,0,0,0,0,2473.0
1506,4.9,33.0,112000000.0,42779261,3089.0,0,0,1,0,0,0,1,0,0,0,0,0,0,0,0,0,0,0,0,0,1,5.6,46.5,0,1,0,0,1,0,0,0,0,0,0,0,0,0,0,3089.0
1507,5.5,31.0,49900000.0,21596445,2772.0,0,1,0,0,0,0,0,0,1,0,0,0,1,0,0,0,0,0,0,0,0,5.766666666666667,41.0,0,1,0,0,1,0,0,0,0,1,0,0,0,0,0,2772.0
1508,5.4,49.0,150000000.0,21392758,3117.0,1,0,0,0,0,0,1,0,0,0,0,1,0,0,0,0,0,0,0,0,0,5.4,49.0,1,1,0,1,0,0,0,0,0,0,0,0,0,0,0,3117.0
1509,6.0,35.0,50000000.0,21302340,2664.0,0,1,0,0,0,0,0,1,0,0,0,0,0,0,0,0,0,1,0,0,0,6.0,35.0,0,0,0,0,0,1,1,0,0,0,0,0,0,0,1,2664.0
1515,7.1,62.0,9000000.0,18302607,3114.0,1,0,0,0,0,0,0,0,1,0,0,0,0,0,0,0,1,0,0,0,0,7.1,62.0,0,0,0,0,0,1,0,0,0,1,0,1,0,0,0,3114.0
1517,6.0,37.0,100000000.0,67631157,2756.0,0,0,0,1,0,0,0,1,0,0,0,0,0,0,0,0,0,0,0,0,1,6.0,37.0,1,0,0,0,0,0,0,0,1,0,0,0,1,0,0,2756.0
1518,8.1,57.0,15000000.0,16928670,2996.0,0,1,0,0,0,0,0,0,1,0,0,0,0,0,0,0,0,0,1,0,0,7.949999999999999,72.0,0,0,1,0,0,0,0,0,0,0,0,1,0,0,1,2996.0
1520,6.1,35.0,20000000.0,14011084,3011.0,0,0,1,0,0,0,0,0,1,0,0,0,0,0,0,0,0,1,0,0,0,6.1,35.0,0,0,0,0,1,0,0,0,1,0,0,0,0,0,0,3011.0
1524,5.4,48.0,9000000.0,11862398,2040.0,0,0,1,0,0,0,1,0,0,0,0,0,0,0,0,0,1,0,0,0,0,5.4,48.0,0,0,0,0,0,0,0,1,0,0,0,0,0,0,0,2040.0
1529,5.4,50.0,8000000.0,10130219,2730.0,1,0,0,0,0,0,1,0,0,0,0,0,1,0,0,0,0,0,0,0,0,5.4,50.0,0,0,0,0,1,0,1,0,0,0,0,0,0,0,0,2730.0
1532,5.4,46.0,120000000.0,30212620,2483.0,0,0,0,1,0,0,0,1,0,0,0,0,0,0,0,0,0,0,0,0,1,5.4,46.0,0,0,0,0,1,0,1,0,1,0,0,0,0,0,0,2483.0
1533,6.3,46.0,45000000.0,8305970,1554.0,0,1,0,0,0,0,1,0,0,0,0,0,0,0,0,0,0,0,1,0,0,6.3,46.0,1,1,0,0,1,0,0,0,0,0,0,0,0,0,0,1554.0
1535,6.2,53.0,41000000.0,7204138,2150.0,0,0,1,0,0,0,1,0,0,0,0,0,0,0,0,0,0,0,1,0,0,6.433333333333334,47.0,0,0,0,0,1,0,0,0,0,0,0,0,0,0,0,2150.0
1541,6.9,50.0,30000000.0,4463292,513.0,0,0,0,1,0,0,0,1,0,0,0,0,0,0,0,0,0,0,1,0,0,6.075,45.75,0,0,0,0,0,1,1,0,0,0,0,0,0,0,0,513.0
1544,7.7,95.0,40000000.0,96962694,2921.0,0,0,0,1,0,0,0,1,0,0,0,0,0,0,0,0,0,0,1,0,0,7.866666666666666,81.66666666666667,0,0,0,0,0,0,1,0,0,0,1,0,0,0,0,2921.0
1547,3.2,9.0,10000000.0,2529395,1500.0,0,0,0,1,0,0,0,0,1,0,0,0,0,0,0,0,0,1,0,0,0,3.2,9.0,0,0,0,0,1,0,0,0,0,0,0,0,0,0,0,1500.0
1554,6.5,51.0,65000000.0,100539043,3365.0,0,0,0,0,0,1,0,0,1,0,0,0,0,0,0,0,0,0,0,1,0,6.449999999999999,45.5,0,0,0,0,1,0,1,0,0,0,0,0,0,0,0,3365.0
1559,6.7,55.0,30000000.0,32367005,2458.0,0,0,1,0,0,0,0,0,1,0,0,0,0,0,0,0,0,0,0,1,0,6.4,51.0,0,0,0,0,1,0,1,0,1,0,0,0,0,0,0,2458.0
1572,7.2,61.0,35000000.0,59713953,3108.0,1,0,0,0,0,0,1,0,0,0,0,0,0,0,0,0,0,0,1,0,0,7.2,61.0,0,0,0,0,0,0,1,0,0,0,1,0,0,0,0,3108.0
1573,8.9,94.0,94000000.0,818580,521.0,0,0,0,0,0,1,0,1,0,0,0,0,0,0,1,0,0,0,0,0,0,8.233333333333334,76.0,1,1,0,0,0,0,1,0,0,0,0,0,0,0,0,521.0
1575,8.8,92.0,93000000.0,768580,522.0,0,0,0,0,0,1,0,1,0,0,0,0,0,0,1,0,0,0,0,0,0,8.233333333333334,76.0,1,1,0,0,0,0,1,0,0,0,0,0,0,0,0,522.0
1576,8.7,87.0,94000000.0,764607,522.0,0,0,0,0,0,1,0,1,0,0,0,0,0,0,1,0,0,0,0,0,0,8.233333333333334,76.0,1,1,0,0,0,0,1,0,0,0,0,0,0,0,0,522.0
1578,6.5,39.0,38000000.0,53374681,3150.0,0,0,0,0,0,1,0,1,0,0,0,0,0,0,0,0,0,0,1,0,0,7.05,55.5,0,0,0,0,1,0,1,0,1,0,0,0,0,0,0,3150.0
1585,7.6,72.0,69000000.0,251513985,3602.0,0,1,0,0,0,0,1,0,0,0,0,0,0,0,0,1,0,0,0,0,0,7.449999999999999,67.0,0,0,0,1,1,0,0,0,0,0,0,0,0,0,0,3602.0
1589,6.5,57.0,40000000.0,31011732,2544.0,0,0,0,0,1,0,0,1,0,0,0,0,0,0,0,0,0,0,0,1,0,6.5,57.0,0,0,0,0,1,0,1,0,1,0,0,0,0,0,0,2544.0
1592,6.9,53.0,80000000.0,55675313,3575.0,0,0,0,0,0,1,1,0,0,0,0,0,0,0,0,0,0,1,0,0,0,6.5200000000000005,46.0,1,1,0,1,0,0,0,0,0,0,0,0,0,0,0,3575.0
1594,7.0,56.0,20000000.0,117229692,3139.0,0,0,0,0,1,0,0,0,1,0,0,0,0,0,0,0,0,0,1,0,0,6.75,55.0,1,0,0,0,1,0,0,0,0,0,0,0,0,0,0,3139.0
1596,5.6,53.0,3000000.0,84752907,3239.0,0,0,0,0,1,0,0,0,1,0,0,0,0,0,0,0,0,0,1,0,0,5.6,53.0,0,0,0,0,0,0,0,0,0,0,0,1,0,0,1,3239.0
1605,6.4,56.0,50000000.0,32746941,2424.0,0,0,0,0,0,1,0,1,0,0,0,0,0,0,0,0,0,0,1,0,0,6.75,61.5,0,0,0,0,0,0,1,0,1,1,0,0,0,0,0,2424.0
1616,7.5,74.0,37000000.0,92186262,2935.0,0,0,0,0,0,1,0,0,1,0,0,0,0,0,0,0,0,1,0,0,0,7.2,69.66666666666667,0,0,0,0,0,1,1,0,0,0,0,0,1,0,0,2935.0
1627,8.8,74.0,160000000.0,292576195,3792.0,0,0,0,0,0,1,0,1,0,0,0,0,0,0,0,1,0,0,0,0,0,8.425,80.0,1,1,1,0,0,0,0,0,0,0,0,0,0,0,0,3792.0
1638,7.8,83.0,237000000.0,476883415,3461.0,0,0,1,0,0,0,0,1,0,0,0,0,0,0,0,0,0,0,0,0,1,7.8,79.0,1,1,0,0,0,0,0,0,0,1,0,0,0,0,0,3461.0
1639,6.4,53.0,200000000.0,334191110,3739.0,1,0,0,0,0,0,1,0,0,0,0,1,0,0,0,0,0,0,0,0,0,6.550000000000001,59.75,0,1,0,0,0,0,0,0,0,1,0,0,0,0,0,3739.0
1640,7.0,57.0,200000000.0,312433331,4390.0,0,0,0,0,1,0,0,1,0,0,0,0,0,1,0,0,0,0,0,0,0,7.040000000000001,63.6,1,1,1,0,0,0,0,0,0,0,0,0,0,0,0,4390.0
1644,7.3,60.0,8000000.0,176591618,3740.0,0,0,0,1,0,0,1,0,0,0,0,0,0,0,1,0,0,0,0,0,0,7.3,60.0,1,0,0,0,0,0,1,0,0,0,0,0,0,0,0,3740.0
1645,5.8,39.0,125000000.0,163214888,3802.0,0,0,0,0,0,1,0,1,0,0,0,0,1,0,0,0,0,0,0,0,0,6.0,41.5,1,1,0,0,0,0,0,0,0,1,0,0,0,0,0,3802.0
1646,5.9,30.0,80000000.0,162001186,3534.0,0,0,0,1,0,0,0,1,0,0,0,0,0,0,1,0,0,0,0,0,0,5.25,26.25,0,0,0,0,1,0,0,0,0,0,0,0,0,0,0,3534.0
1647,4.0,20.0,150000000.0,131772187,3203.0,0,0,0,0,1,0,1,0,0,0,0,0,0,0,0,1,0,0,0,0,0,5.575,42.5,1,1,0,0,0,0,0,0,0,0,0,0,0,0,0,3203.0
1648,8.2,63.0,80000000.0,128012934,3356.0,0,0,0,0,1,0,0,0,1,0,1,0,0,0,0,0,0,0,0,0,0,7.7749999999999995,75.0,0,0,0,0,0,1,0,0,0,0,0,0,0,0,1,3356.0
1649,6.6,64.0,100000000.0,119219978,3651.0,0,0,0,1,0,0,0,1,0,0,0,0,0,0,0,0,1,0,0,0,0,6.8999999999999995,68.66666666666667,1,0,0,0,1,0,0,0,0,0,0,0,1,0,0,3651.0
1650,6.4,65.0,110000000.0,118311368,3612.0,0,0,0,1,0,0,0,1,0,0,0,0,0,0,0,1,0,0,0,0,0,6.4,65.0,1,0,0,0,0,1,0,0,0,0,0,0,0,0,0,3612.0
1651,5.7,34.0,52000000.0,110485654,3665.0,0,0,0,0,0,1,0,1,0,0,1,0,0,0,0,0,0,0,0,0,0,5.7,28.0,0,0,0,0,1,0,0,0,1,0,0,0,0,0,0,3665.0
1652,7.6,57.0,90000000.0,106925723,3626.0,0,0,0,0,0,1,0,1,0,0,0,0,0,0,0,0,0,0,0,0,1,7.275,50.5,1,1,0,0,0,0,0,0,0,0,0,0,0,0,1,3626.0
1654,4.5,41.0,75000000.0,98887330,3747.0,0,0,1,0,0,0,1,0,0,0,0,0,0,0,0,0,0,0,0,0,1,4.5,41.0,0,1,0,1,1,0,0,0,0,0,0,0,0,0,0,3747.0
1655,6.3,56.0,55000000.0,98711404,3380.0,0,0,1,0,0,0,0,1,0,0,0,0,1,0,0,0,0,0,0,0,0,6.5,49.0,0,0,0,0,1,0,0,0,1,0,0,0,1,0,0,3380.0
1656,4.5,27.0,100000000.0,95347692,3445.0,0,0,0,0,0,1,0,0,1,0,0,0,0,1,0,0,0,0,0,0,0,4.5,27.0,0,0,0,0,1,0,1,0,1,0,0,0,0,0,0,3445.0
1657,6.9,53.0,80000000.0,94835059,3111.0,0,0,0,0,0,1,0,0,1,1,0,0,0,0,0,0,0,0,0,0,0,6.9,53.0,1,1,0,0,0,0,1,0,0,0,0,0,0,0,0,3111.0
1658,6.6,50.0,200000000.0,90759676,3646.0,1,0,0,0,0,0,0,1,0,0,0,0,0,1,0,0,0,0,0,0,0,6.6,50.0,1,1,0,0,0,0,0,0,0,1,0,0,0,0,0,3646.0
1659,5.9,47.0,95000000.0,88768303,3396.0,0,0,1,0,0,0,1,0,0,0,1,0,0,0,0,0,0,0,0,0,0,5.7,37.0,0,1,0,0,0,0,0,0,0,1,0,0,0,0,0,3396.0
1660,5.8,50.0,60000000.0,80574010,3108.0,0,0,0,1,0,0,0,1,0,0,0,0,0,0,0,0,1,0,0,0,0,5.8,50.0,0,0,0,0,0,0,1,0,1,0,1,0,0,0,0,3108.0
1662,6.3,46.0,117000000.0,76423035,3104.0,0,0,1,0,0,0,0,1,0,0,0,0,0,0,1,0,0,0,0,0,0,7.033333333333334,61.333333333333336,1,1,0,0,1,0,0,0,0,0,0,0,0,0,0,3104.0
1664,6.5,57.0,85000000.0,72359500,2955.0,0,1,0,0,0,0,0,0,1,0,0,0,0,0,0,0,0,0,0,0,1,6.8,54.0,0,0,0,0,1,0,1,0,1,0,0,0,0,0,0,2955.0
1665,5.6,22.0,40000000.0,67061228,3118.0,0,0,0,1,0,0,0,1,0,0,0,1,0,0,0,0,0,0,0,0,0,5.6,22.0,1,0,0,0,1,0,0,0,1,0,0,0,0,0,0,3118.0
1666,6.2,56.0,15000000.0,64003625,3083.0,0,0,1,0,0,0,1,0,0,0,0,1,0,0,0,0,0,0,0,0,0,6.0,47.5,0,0,0,0,1,0,1,0,0,0,0,0,0,0,0,3083.0
1667,6.1,46.0,150000000.0,63150991,3504.0,1,0,0,0,0,0,1,0,0,0,0,0,0,0,0,1,0,0,0,0,0,5.85,46.0,1,1,0,0,0,0,0,0,0,0,0,0,0,0,0,3504.0
1668,6.0,33.0,20000000.0,62950384,2794.0,1,0,0,0,0,0,1,0,0,0,0,1,0,0,0,0,0,0,0,0,0,6.0,33.0,0,0,0,0,0,0,1,1,1,0,0,0,0,0,0,2794.0
1669,5.8,43.0,150000000.0,61979680,3223.0,0,1,0,0,0,0,0,0,1,0,1,0,0,0,0,0,0,0,0,0,0,6.35,54.5,0,0,0,0,0,0,1,0,0,1,0,1,0,0,0,3223.0
1670,6.4,65.0,40000000.0,60974475,2702.0,0,1,0,0,0,0,0,0,1,0,0,0,0,0,1,0,0,0,0,0,0,6.279999999999999,61.8,0,0,0,0,1,0,0,1,0,0,0,0,0,0,0,2702.0
1673,5.0,36.0,48000000.0,60022256,3345.0,0,0,1,0,0,0,1,0,0,1,0,0,0,0,0,0,0,0,0,0,0,5.0,36.0,0,0,0,0,1,0,0,0,0,1,0,0,0,0,0,3345.0
1674,7.6,53.0,29000000.0,59396157,3407.0,0,0,0,0,0,1,0,1,0,0,0,0,0,0,0,0,0,0,0,1,0,7.55,59.0,0,0,0,0,0,0,1,0,0,0,1,0,0,1,0,3407.0
1678,6.2,59.0,70000000.0,52474616,3597.0,0,0,1,0,0,0,0,1,0,0,0,0,0,0,0,0,0,1,0,0,0,6.35,59.0,0,0,0,0,0,0,1,0,0,0,0,0,0,0,0,3597.0
1679,6.4,51.0,40000000.0,52000688,2669.0,0,0,1,0,0,0,0,0,1,0,0,0,0,0,0,1,0,0,0,0,0,6.4,51.0,1,1,1,0,0,0,0,0,0,0,0,0,0,0,0,2669.0
1681,7.4,83.0,25000000.0,50168168,2218.0,0,0,0,0,1,0,0,0,1,0,0,0,0,0,0,0,0,0,0,0,1,6.800000000000001,61.0,0,0,0,0,1,0,1,0,1,0,0,0,0,0,0,2218.0
1685,5.6,31.0,30000000.0,44875481,3150.0,0,0,0,0,0,1,0,0,1,0,1,0,0,0,0,0,0,0,0,0,0,5.6,31.0,1,0,0,0,1,0,0,0,0,0,0,0,1,0,0,3150.0
1687,4.3,30.0,85000000.0,43585753,3705.0,0,0,0,0,0,1,1,0,0,0,0,0,0,0,0,1,0,0,0,0,0,5.55,39.75,1,0,0,0,1,0,0,0,0,0,0,0,0,0,0,3705.0
1688,6.6,55.0,80000000.0,43313890,3066.0,0,0,0,0,0,1,0,0,1,1,0,0,0,0,0,0,0,0,0,0,0,6.05,47.0,1,0,0,0,0,0,1,0,0,0,0,0,1,0,0,3066.0
1690,6.2,45.0,30000000.0,42400223,2439.0,1,0,0,0,0,0,0,1,0,0,0,0,0,0,0,0,1,0,0,0,0,5.775,50.5,0,0,0,0,0,0,1,1,1,0,0,0,0,0,0,2439.0
1695,3.4,18.0,20000000.0,36661504,3233.0,0,0,1,0,0,0,0,1,0,0,0,0,0,0,0,0,1,0,0,0,0,3.4,18.0,0,0,0,0,1,0,0,0,0,0,0,1,0,0,0,3233.0
1697,6.8,63.0,100000000.0,35053660,3004.0,0,1,0,0,0,0,0,0,1,0,0,1,0,0,0,0,0,0,0,0,0,7.066666666666666,67.66666666666667,1,0,0,0,0,1,1,0,0,0,0,0,0,0,0,3004.0
1698,4.3,30.0,50000000.0,33644788,3213.0,0,0,1,0,0,0,1,0,0,0,0,0,0,0,1,0,0,0,0,0,0,4.3,30.0,0,0,0,0,1,0,0,0,0,0,0,0,0,0,0,3213.0
1699,6.2,44.0,10000000.0,33601190,2811.0,0,1,0,0,0,0,0,1,0,0,0,0,0,0,0,0,0,1,0,0,0,6.2,41.0,0,0,0,0,0,1,0,0,0,0,0,1,0,0,1,2811.0
1700,5.6,25.0,55000000.0,32680633,2456.0,1,0,0,0,0,0,0,1,0,1,0,0,0,0,0,0,0,0,0,0,0,5.6,25.0,0,0,0,0,1,0,0,0,1,0,0,0,0,0,0,2456.0
1701,6.4,46.0,20000000.0,32010860,2958.0,0,0,0,0,1,0,0,0,1,0,0,1,0,0,0,0,0,0,0,0,0,6.4,46.0,0,0,0,0,1,0,0,0,1,0,0,0,0,0,0,2958.0
1702,7.5,69.0,60000000.0,31524275,2820.0,0,1,0,0,0,0,0,1,0,0,0,0,0,0,0,0,1,0,0,0,0,7.5,69.0,1,0,0,0,1,0,0,0,0,1,0,0,0,0,0,2820.0
1703,6.4,37.0,44000000.0,31162545,2725.0,0,1,0,0,0,0,0,1,0,0,0,0,0,0,0,1,0,0,0,0,0,6.4,37.0,0,0,0,0,0,0,1,0,1,1,0,0,0,0,0,2725.0
1705,6.1,52.0,35000000.0,29011215,2798.0,0,1,0,0,0,0,1,0,0,0,0,0,0,0,0,0,1,0,0,0,0,6.1,52.0,0,0,0,0,1,0,0,0,0,1,0,0,0,0,0,2798.0
1708,6.6,60.0,10500000.0,26593646,2678.0,0,0,1,0,0,0,0,0,1,0,0,0,0,0,0,0,0,1,0,0,0,6.6,60.0,1,0,0,0,0,1,0,0,0,0,0,0,1,0,0,2678.0
1709,5.8,28.0,20000000.0,25702053,2548.0,1,0,0,0,0,0,1,0,0,0,0,0,0,0,0,0,0,1,0,0,0,5.3999999999999995,25.666666666666668,0,0,0,0,1,0,0,0,1,0,0,0,0,0,0,2548.0
1712,5.0,50.0,17000000.0,24719879,1974.0,0,0,0,0,0,1,0,1,0,0,0,0,0,0,0,0,1,0,0,0,0,5.0,50.0,0,0,0,0,1,0,0,0,0,0,0,0,0,0,0,1974.0
1715,6.3,44.0,25000000.0,23591432,2936.0,0,0,0,0,0,1,0,1,0,0,0,0,1,0,0,0,0,0,0,0,0,6.3,44.0,1,1,0,0,0,0,0,0,0,0,0,0,1,0,0,2936.0
1716,4.4,26.0,10000000.0,21394120,2883.0,0,1,0,0,0,0,0,1,0,0,0,0,0,0,0,0,0,0,0,1,0,4.4,26.0,1,0,1,0,0,1,0,0,0,0,0,0,0,0,0,2883.0
1720,6.3,51.0,32000000.0,17804299,3030.0,0,0,0,0,0,1,0,0,1,0,0,0,0,0,0,0,0,1,0,0,0,6.3,51.0,0,0,0,0,1,0,0,0,1,0,0,0,0,0,0,3030.0
1722,5.7,66.0,30000000.0,17010170,2450.0,0,0,0,0,0,1,0,0,1,0,0,0,0,0,1,0,0,0,0,0,0,5.7,66.0,0,0,1,0,0,0,1,0,0,0,0,1,0,0,0,2450.0
1725,4.8,25.0,25000000.0,14744435,2572.0,0,1,0,0,0,0,0,0,1,0,0,0,0,0,0,0,0,0,1,0,0,4.8,25.0,0,0,0,0,0,1,0,0,0,0,0,1,0,0,1,2572.0
1726,6.3,32.0,32000000.0,13794835,2521.0,0,1,0,0,0,0,0,0,1,0,0,1,0,0,0,0,0,0,0,0,0,6.3,32.0,1,0,1,0,0,1,0,0,0,0,0,0,0,0,0,2521.0
1731,7.3,74.0,60000000.0,10814231,2170.0,0,0,0,0,0,1,0,1,0,0,0,0,0,0,0,0,0,0,0,0,1,6.75,61.5,0,0,0,0,0,0,1,0,0,0,1,0,0,0,0,2170.0
1732,4.7,33.0,47000000.0,10547117,2825.0,0,0,0,0,0,1,0,1,0,0,0,0,0,0,1,0,0,0,0,0,0,4.7,33.0,1,0,0,0,0,0,1,0,0,1,0,0,0,0,0,2825.0
1734,4.8,27.0,58000000.0,9200041,2718.0,0,0,0,1,0,0,0,1,0,0,0,0,0,0,0,0,0,0,0,0,1,4.8,27.0,0,0,0,0,1,0,1,0,1,0,0,0,0,0,0,2718.0
1736,5.5,43.0,10000000.0,8525600,2551.0,0,1,0,0,0,0,0,0,1,0,0,0,0,1,0,0,0,0,0,0,0,5.5,43.0,1,0,0,0,1,0,0,0,0,0,0,0,0,0,0,2551.0
1750,5.8,49.0,200000000.0,3763166,3444.0,0,0,0,1,0,0,0,1,0,0,0,0,0,0,0,0,0,0,0,1,0,6.075,45.75,1,1,1,0,0,0,0,0,0,0,0,0,0,0,0,3444.0
1754,5.4,19.0,35000000.0,2963487,3425.0,1,0,0,0,0,0,1,0,0,0,0,0,0,0,0,0,0,0,0,1,0,5.2,26.0,0,0,0,0,1,0,0,0,0,0,0,0,0,0,0,3425.0
1756,6.0,39.0,70000000.0,2783781,3035.0,0,0,0,1,0,0,1,0,0,0,0,0,0,0,0,0,0,0,0,1,0,6.0,39.0,0,1,0,1,1,0,0,0,0,0,0,0,0,0,0,3035.0
1759,7.9,83.0,40000000.0,2358363,2304.0,0,0,1,0,0,0,1,0,0,0,0,0,0,0,0,0,0,0,0,1,0,7.9,83.0,0,1,0,1,1,0,0,0,0,0,0,0,0,0,0,2304.0
1764,7.7,45.0,14000000.0,1755212,442.0,0,0,0,0,0,1,1,0,0,0,0,0,0,0,0,0,1,0,0,0,0,7.7,45.0,0,0,0,0,1,0,1,0,1,0,0,0,0,0,0,442.0
1770,6.9,66.0,100000000.0,959578,3119.0,0,0,0,1,0,0,1,0,0,0,0,0,0,0,0,0,0,1,0,0,0,7.033333333333334,68.66666666666667,0,1,0,1,1,0,0,0,0,0,0,0,0,0,0,3119.0
1771,6.7,71.0,100000000.0,931488,3735.0,0,0,0,0,0,1,1,0,0,0,0,0,0,0,0,0,0,0,1,0,0,7.35,80.5,0,1,0,0,0,0,1,0,0,0,0,0,0,0,0,3735.0
1772,5.5,23.0,70000000.0,907480,3074.0,0,1,0,0,0,0,0,1,0,0,0,0,0,0,0,0,0,0,1,0,0,5.5,23.0,0,0,0,0,1,0,0,0,0,0,0,0,0,0,0,3074.0
1774,6.3,34.0,40000000.0,819418,2503.0,0,0,0,0,0,1,0,0,1,0,0,0,0,0,0,0,0,0,0,1,0,5.85,38.0,1,0,0,0,0,1,0,0,0,0,0,0,0,0,0,2503.0
1776,4.6,40.0,2000000.0,636706,700.0,0,0,0,1,0,0,0,0,1,0,0,0,0,0,0,0,0,1,0,0,0,4.6,40.0,0,0,0,0,1,0,1,0,0,0,0,0,0,0,0,700.0
1795,7.9,79.0,140000000.0,192025,4154.0,0,0,0,0,1,0,0,1,0,0,0,0,0,1,0,0,0,0,0,0,0,7.040000000000001,63.6,1,1,1,0,0,0,0,0,0,0,0,0,0,0,0,4154.0
1806,6.3,68.0,15000.0,125965,2712.0,0,0,0,0,1,0,0,0,1,0,0,0,0,0,0,0,0,1,0,0,0,6.3,68.0,0,0,0,0,0,0,0,0,0,0,0,1,0,0,1,2712.0
1820,5.9,34.0,10000000.0,89320,2530.0,0,1,0,0,0,0,0,1,0,0,0,0,0,0,0,0,0,0,0,1,0,5.9,34.0,0,0,1,0,0,0,0,0,0,0,0,1,0,0,1,2530.0
1829,5.6,47.0,30000000.0,26698,2635.0,0,0,0,0,0,1,0,1,0,0,0,0,0,0,0,0,0,0,0,1,0,5.6,47.0,0,0,0,0,0,0,1,0,0,1,0,0,0,0,1,2635.0
